0,91,0
1,104,0
2,71,0
3,127,0
4,64,0
5,104,0
6,52,0
7,80,0
8,51,0
9,53,0
0,152,12
1,81,12
2,79,12
3,61,12
4,47,12
5,51,12
6,49,12
7,71,12
8,112,12
9,92,12
0,135,10
1,68,10
2,55,10
3,126,10
4,93,10
5,58,10
6,29,10
7,59,10
8,112,10
9,62,10
0,61,17
1,91,17
2,107,17
3,109,17
4,55,17
5,114,17
6,76,17
7,56,17
8,60,17
9,68,17
0,84,7
1,114,7
2,107,7
3,98,7
4,87,7
5,53,7
6,52,7
7,64,7
8,50,7
9,87,7
0,93,9
1,59,9
2,80,9
3,102,9
4,45,9
5,110,9
6,92,9
7,52,9
8,114,9
9,48,9
0,58,1
1,78,1
2,141,1
3,51,1
4,70,1
5,76,1
6,48,1
7,102,1
8,78,1
9,95,1
0,66,6
1,67,6
2,61,6
3,99,6
4,79,6
5,74,6
6,79,6
7,110,6
8,82,6
9,80,6
0,56,5
1,80,5
2,76,5
3,82,5
4,41,5
5,116,5
6,56,5
7,74,5
8,128,5
9,86,5
0,41,19
1,89,19
2,48,19
3,100,19
4,92,19
5,90,19
6,79,19
7,113,19
8,77,19
9,66,19
0,132,16
1,96,16
2,69,16
3,62,16
4,63,16
5,104,16
6,61,16
7,61,16
8,82,16
9,67,16
0,52,15
1,91,15
2,80,15
3,76,15
4,108,15
5,64,15
6,105,15
7,41,15
8,100,15
9,79,15
0,84,11
1,165,11
2,67,11
3,64,11
4,52,11
5,72,11
6,107,11
7,89,11
8,40,11
9,56,11
0,91,2
1,78,2
2,53,2
3,98,2
4,72,2
5,69,2
6,99,2
7,80,2
8,88,2
9,68,2
0,116,14
1,84,14
2,73,14
3,141,14
4,96,14
5,54,14
6,49,14
7,74,14
8,54,14
9,54,14
0,88,8
1,58,8
2,110,8
3,99,8
4,58,8
5,54,8
6,73,8
7,51,8
8,128,8
9,77,8
0,68,18
1,64,18
2,29,18
3,84,18
4,101,18
5,84,18
6,87,18
7,59,18
8,112,18
9,109,18
0,74,0
1,92,0
2,79,0
3,94,0
4,82,0
5,72,0
6,81,0
7,84,0
8,76,0
9,61,0
0,94,3
1,50,3
2,58,3
3,80,3
4,90,3
5,81,3
6,88,3
7,108,3
8,88,3
9,58,3
0,95,13
1,58,13
2,37,13
3,155,13
4,84,13
5,73,13
6,87,13
7,36,13
8,49,13
9,121,13
0,88,4
1,90,4
2,91,4
3,70,4
4,71,4
5,64,4
6,92,4
7,108,4
8,70,4
9,52,4
0,56,6
1,93,6
2,58,6
3,72,6
4,152,6
5,112,6
6,48,6
7,54,6
8,91,6
9,60,6
0,67,8
1,43,8
2,67,8
3,92,8
4,75,8
5,75,8
6,110,8
7,65,8
8,80,8
9,123,8
0,62,17
1,72,17
2,52,17
3,66,17
4,66,17
5,109,17
6,111,17
7,90,17
8,73,17
9,95,17
0,64,14
1,51,14
2,76,14
3,87,14
4,67,14
5,72,14
6,78,14
7,112,14
8,39,14
9,151,14
0,83,19
1,152,19
2,105,19
3,64,19
4,93,19
5,44,19
6,56,19
7,77,19
8,68,19
9,55,19
0,78,3
1,59,3
2,78,3
3,36,3
4,119,3
5,52,3
6,117,3
7,63,3
8,112,3
9,83,3
0,88,10
1,88,10
2,94,10
3,33,10
4,110,10
5,42,10
6,71,10
7,112,10
8,80,10
9,79,10
0,128,11
1,60,11
2,72,11
3,101,11
4,52,11
5,61,11
6,46,11
7,143,11
8,81,11
9,51,11
0,85,18
1,91,18
2,55,18
3,80,18
4,80,18
5,35,18
6,77,18
7,93,18
8,121,18
9,78,18
0,109,15
1,108,15
2,60,15
3,90,15
4,47,15
5,63,15
6,92,15
7,104,15
8,50,15
9,73,15
0,72,9
1,101,9
2,55,9
3,58,9
4,90,9
5,97,9
6,95,9
7,86,9
8,82,9
9,60,9
0,66,16
1,66,16
2,73,16
3,46,16
4,92,16
5,48,16
6,114,16
7,90,16
8,82,16
9,119,16
0,104,2
1,79,2
2,83,2
3,83,2
4,135,2
5,61,2
6,88,2
7,52,2
8,36,2
9,74,2
0,70,4
1,100,4
2,86,4
3,73,4
4,90,4
5,89,4
6,87,4
7,42,4
8,46,4
9,112,4
0,81,7
1,71,7
2,50,7
3,91,7
4,88,7
5,82,7
6,61,7
7,100,7
8,82,7
9,89,7
0,82,1
1,64,1
2,55,1
3,134,1
4,122,1
5,48,1
6,80,1
7,64,1
8,75,1
9,73,1
0,56,0
1,68,0
2,98,0
3,85,0
4,69,0
5,54,0
6,104,0
7,70,0
8,92,0
9,100,0
0,83,12
1,33,12
2,72,12
3,71,12
4,131,12
5,61,12
6,123,12
7,80,12
8,34,12
9,108,12
0,52,5
1,57,5
2,74,5
3,95,5
4,112,5
5,69,5
6,138,5
7,88,5
8,64,5
9,48,5
0,61,13
1,51,13
2,136,13
3,53,13
4,135,13
5,90,13
6,79,13
7,28,13
8,98,13
9,64,13
0,65,2
1,48,2
2,97,2
3,91,2
4,159,2
5,71,2
6,94,2
7,67,2
8,48,2
9,57,2
0,36,11
1,104,11
2,86,11
3,58,11
4,80,11
5,71,11
6,78,11
7,82,11
8,96,11
9,104,11
0,49,7
1,33,7
2,72,7
3,136,7
4,62,7
5,107,7
6,72,7
7,105,7
8,90,7
9,71,7
0,57,17
1,48,17
2,74,17
3,45,17
4,125,17
5,106,17
6,44,17
7,138,17
8,50,17
9,108,17
0,86,12
1,77,12
2,89,12
3,94,12
4,68,12
5,56,12
6,132,12
7,72,12
8,40,12
9,82,12
0,65,4
1,94,4
2,88,4
3,39,4
4,59,4
5,144,4
6,130,4
7,78,4
8,66,4
9,33,4
0,84,13
1,62,13
2,97,13
3,99,13
4,68,13
5,132,13
6,36,13
7,95,13
8,40,13
9,84,13
0,92,10
1,81,10
2,81,10
3,76,10
4,98,10
5,52,10
6,71,10
7,54,10
8,109,10
9,82,10
0,78,18
1,97,18
2,71,18
3,84,18
4,85,18
5,88,18
6,58,18
7,115,18
8,65,18
9,55,18
0,60,19
1,65,19
2,167,19
3,86,19
4,50,19
5,64,19
6,69,19
7,73,19
8,49,19
9,112,19
0,104,14
1,65,14
2,70,14
3,128,14
4,54,14
5,74,14
6,114,14
7,41,14
8,64,14
9,81,14
0,74,6
1,86,6
2,96,6
3,35,6
4,68,6
5,44,6
6,132,6
7,107,6
8,76,6
9,77,6
0,140,5
1,51,5
2,68,5
3,89,5
4,88,5
5,75,5
6,66,5
7,65,5
8,68,5
9,86,5
0,55,9
1,107,9
2,66,9
3,60,9
4,56,9
5,109,9
6,148,9
7,92,9
8,72,9
9,33,9
0,49,8
1,72,8
2,83,8
3,32,8
4,69,8
5,73,8
6,113,8
7,126,8
8,116,8
9,62,8
0,50,15
1,81,15
2,76,15
3,56,15
4,41,15
5,79,15
6,92,15
7,129,15
8,103,15
9,88,15
0,115,16
1,88,16
2,66,16
3,75,16
4,72,16
5,106,16
6,47,16
7,52,16
8,103,16
9,72,16
0,64,1
1,76,1
2,121,1
3,87,1
4,69,1
5,86,1
6,105,1
7,32,1
8,91,1
9,65,1
0,103,3
1,56,3
2,67,3
3,81,3
4,76,3
5,76,3
6,99,3
7,96,3
8,80,3
9,63,3
0,84,0
1,69,0
2,56,0
3,70,0
4,83,0
5,102,0
6,51,0
7,98,0
8,101,0
9,82,0
0,86,1
1,62,1
2,52,1
3,92,1
4,75,1
5,114,1
6,86,1
7,95,1
8,82,1
9,52,1
0,104,14
1,52,14
2,74,14
3,109,14
4,109,14
5,68,14
6,92,14
7,64,14
8,58,14
9,66,14
0,46,16
1,83,16
2,110,16
3,95,16
4,56,16
5,105,16
6,63,16
7,67,16
8,96,16
9,76,16
0,56,5
1,97,5
2,104,5
3,68,5
4,60,5
5,53,5
6,83,5
7,108,5
8,44,5
9,121,5
0,88,9
1,91,9
2,85,9
3,84,9
4,127,9
5,76,9
6,47,9
7,98,9
8,42,9
9,58,9
0,90,10
1,39,10
2,65,10
3,71,10
4,68,10
5,116,10
6,85,10
7,79,10
8,105,10
9,78,10
0,72,8
1,76,8
2,64,8
3,76,8
4,40,8
5,116,8
6,83,8
7,63,8
8,123,8
9,85,8
0,86,17
1,63,17
2,172,17
3,66,17
4,28,17
5,96,17
6,83,17
7,86,17
8,60,17
9,56,17
0,68,18
1,54,18
2,85,18
3,65,18
4,89,18
5,116,18
6,70,18
7,48,18
8,96,18
9,105,18
0,71,15
1,54,15
2,101,15
3,112,15
4,64,15
5,85,15
6,78,15
7,96,15
8,47,15
9,88,15
0,70,4
1,20,4
2,116,4
3,107,4
4,80,4
5,92,4
6,66,4
7,72,4
8,84,4
9,90,4
0,46,19
1,92,19
2,70,19
3,83,19
4,53,19
5,119,19
6,88,19
7,51,19
8,113,19
9,81,19
0,76,6
1,180,6
2,44,6
3,80,6
4,46,6
5,63,6
6,76,6
7,64,6
8,120,6
9,48,6
0,94,13
1,55,13
2,143,13
3,76,13
4,44,13
5,132,13
6,54,13
7,46,13
8,70,13
9,82,13
0,77,11
1,76,11
2,48,11
3,68,11
4,96,11
5,81,11
6,71,11
7,108,11
8,112,11
9,57,11
0,64,12
1,60,12
2,123,12
3,65,12
4,84,12
5,62,12
6,85,12
7,97,12
8,104,12
9,51,12
0,86,7
1,65,7
2,94,7
3,138,7
4,54,7
5,53,7
6,104,7
7,34,7
8,60,7
9,108,7
0,41,0
1,79,0
2,34,0
3,116,0
4,105,0
5,132,0
6,52,0
7,87,0
8,77,0
9,73,0
0,67,3
1,56,3
2,100,3
3,49,3
4,83,3
5,64,3
6,110,3
7,104,3
8,112,3
9,52,3
0,148,2
1,87,2
2,53,2
3,90,2
4,61,2
5,56,2
6,111,2
7,80,2
8,72,2
9,38,2
0,68,10
1,75,10
2,60,10
3,88,10
4,74,10
5,120,10
6,101,10
7,72,10
8,52,10
9,86,10
0,91,15
1,80,15
2,120,15
3,66,15
4,46,15
5,130,15
6,78,15
7,59,15
8,32,15
9,95,15
0,88,19
1,62,19
2,84,19
3,95,19
4,58,19
5,94,19
6,82,19
7,76,19
8,65,19
9,93,19
0,107,18
1,36,18
2,82,18
3,139,18
4,45,18
5,52,18
6,100,18
7,63,18
8,99,18
9,75,18
0,56,0
1,69,0
2,66,0
3,112,0
4,118,0
5,119,0
6,64,0
7,84,0
8,56,0
9,52,0
0,100,8
1,128,8
2,48,8
3,60,8
4,84,8
5,84,8
6,127,8
7,65,8
8,33,8
9,68,8
0,64,12
1,83,12
2,92,12
3,95,12
4,77,12
5,68,12
6,109,12
7,56,12
8,93,12
9,60,12
0,86,4
1,85,4
2,97,4
3,124,4
4,50,4
5,104,4
6,42,4
7,86,4
8,65,4
9,57,4
0,81,14
1,75,14
2,80,14
3,88,14
4,65,14
5,91,14
6,44,14
7,72,14
8,75,14
9,125,14
0,68,2
1,78,2
2,67,2
3,94,2
4,38,2
5,98,2
6,108,2
7,78,2
8,87,2
9,80,2
0,83,16
1,74,16
2,41,16
3,115,16
4,46,16
5,69,16
6,36,16
7,90,16
8,113,16
9,128,16
0,90,7
1,64,7
2,76,7
3,94,7
4,95,7
5,75,7
6,56,7
7,89,7
8,90,7
9,67,7
0,51,1
1,76,1
2,101,1
3,105,1
4,73,1
5,60,1
6,58,1
7,41,1
8,131,1
9,99,1
0,128,17
1,34,17
2,73,17
3,97,17
4,69,17
5,84,17
6,64,17
7,82,17
8,50,17
9,116,17
0,39,11
1,72,11
2,82,11
3,81,11
4,76,11
5,167,11
6,83,11
7,79,11
8,64,11
9,52,11
0,135,9
1,94,9
2,86,9
3,70,9
4,93,9
5,28,9
6,56,9
7,111,9
8,74,9
9,50,9
0,94,13
1,100,13
2,109,13
3,74,13
4,36,13
5,102,13
6,64,13
7,92,13
8,72,13
9,52,13
0,89,3
1,73,3
2,84,3
3,86,3
4,53,3
5,66,3
6,120,3
7,62,3
8,73,3
9,89,3
0,138,5
1,48,5
2,76,5
3,96,5
4,62,5
5,55,5
6,81,5
7,94,5
8,91,5
9,56,5
0,80,6
1,93,6
2,60,6
3,111,6
4,72,6
5,84,6
6,79,6
7,76,6
8,68,6
9,72,6
0,101,15
1,67,15
2,64,15
3,67,15
4,42,15
5,83,15
6,75,15
7,113,15
8,97,15
9,87,15
0,62,17
1,88,17
2,73,17
3,89,17
4,155,17
5,79,17
6,99,17
7,52,17
8,47,17
9,53,17
0,64,3
1,133,3
2,53,3
3,119,3
4,53,3
5,92,3
6,69,3
7,73,3
8,100,3
9,40,3
0,88,18
1,68,18
2,97,18
3,45,18
4,78,18
5,102,18
6,42,18
7,143,18
8,62,18
9,71,18
0,58,8
1,86,8
2,86,8
3,76,8
4,100,8
5,68,8
6,146,8
7,30,8
8,64,8
9,83,8
0,88,12
1,81,12
2,48,12
3,95,12
4,109,12
5,100,12
6,76,12
7,99,12
8,55,12
9,45,12
0,51,10
1,94,10
2,95,10
3,46,10
4,68,10
5,130,10
6,120,10
7,78,10
8,58,10
9,56,10
0,99,13
1,91,13
2,63,13
3,115,13
4,116,13
5,49,13
6,60,13
7,67,13
8,63,13
9,75,13
0,51,16
1,95,16
2,65,16
3,65,16
4,100,16
5,68,16
6,94,16
7,93,16
8,72,16
9,92,16
0,78,14
1,83,14
2,32,14
3,133,14
4,48,14
5,53,14
6,114,14
7,87,14
8,76,14
9,92,14
0,112,5
1,148,5
2,96,5
3,54,5
4,64,5
5,58,5
6,102,5
7,51,5
8,57,5
9,55,5
0,104,9
1,60,9
2,68,9
3,84,9
4,76,9
5,130,9
6,54,9
7,96,9
8,78,9
9,44,9
0,72,1
1,88,1
2,65,1
3,82,1
4,125,1
5,71,1
6,71,1
7,93,1
8,78,1
9,51,1
0,64,11
1,54,11
2,91,11
3,59,11
4,93,11
5,52,11
6,83,11
7,132,11
8,42,11
9,126,11
0,80,6
1,112,6
2,43,6
3,89,6
4,59,6
5,53,6
6,94,6
7,117,6
8,82,6
9,67,6
0,50,19
1,73,19
2,107,19
3,88,19
4,69,19
5,96,19
6,87,19
7,58,19
8,55,19
9,113,19
0,67,7
1,142,7
2,72,7
3,68,7
4,40,7
5,92,7
6,85,7
7,72,7
8,76,7
9,81,7
0,72,4
1,115,4
2,93,4
3,43,4
4,114,4
5,28,4
6,52,4
7,52,4
8,111,4
9,116,4
0,64,2
1,74,2
2,72,2
3,120,2
4,67,2
5,94,2
6,61,2
7,84,2
8,84,2
9,76,2
0,80,0
1,134,0
2,68,0
3,55,0
4,48,0
5,80,0
6,97,0
7,114,0
8,61,0
9,57,0
0,98,12
1,69,12
2,66,12
3,93,12
4,73,12
5,74,12
6,68,12
7,87,12
8,98,12
9,70,12
0,83,11
1,84,11
2,83,11
3,83,11
4,38,11
5,101,11
6,107,11
7,83,11
8,71,11
9,64,11
0,56,7
1,77,7
2,71,7
3,119,7
4,88,7
5,91,7
6,84,7
7,75,7
8,100,7
9,35,7
0,121,10
1,58,10
2,54,10
3,82,10
4,97,10
5,83,10
6,80,10
7,60,10
8,71,10
9,91,10
0,80,5
1,90,5
2,88,5
3,78,5
4,107,5
5,29,5
6,99,5
7,56,5
8,54,5
9,116,5
0,93,14
1,46,14
2,78,14
3,114,14
4,79,14
5,86,14
6,52,14
7,51,14
8,86,14
9,112,14
0,75,19
1,75,19
2,127,19
3,63,19
4,103,19
5,86,19
6,58,19
7,90,19
8,57,19
9,63,19
0,52,3
1,88,3
2,99,3
3,92,3
4,88,3
5,52,3
6,56,3
7,56,3
8,86,3
9,128,3
0,84,18
1,81,18
2,48,18
3,63,18
4,122,18
5,70,18
6,77,18
7,55,18
8,103,18
9,92,18
0,64,6
1,64,6
2,78,6
3,29,6
4,74,6
5,64,6
6,122,6
7,79,6
8,96,6
9,125,6
0,61,1
1,68,1
2,80,1
3,102,1
4,96,1
5,53,1
6,39,1
7,110,1
8,103,1
9,83,1
0,46,0
1,89,0
2,84,0
3,74,0
4,114,0
5,73,0
6,42,0
7,62,0
8,129,0
9,82,0
0,83,4
1,107,4
2,101,4
3,68,4
4,84,4
5,78,4
6,68,4
7,88,4
8,41,4
9,78,4
0,72,17
1,75,17
2,85,17
3,36,17
4,66,17
5,96,17
6,140,17
7,72,17
8,86,17
9,70,17
0,53,8
1,68,8
2,112,8
3,70,8
4,48,8
5,73,8
6,100,8
7,123,8
8,96,8
9,52,8
0,52,2
1,88,2
2,72,2
3,98,2
4,92,2
5,94,2
6,111,2
7,46,2
8,74,2
9,69,2
0,120,16
1,41,16
2,93,16
3,48,16
4,100,16
5,115,16
6,86,16
7,58,16
8,69,16
9,67,16
0,66,9
1,75,9
2,104,9
3,61,9
4,75,9
5,79,9
6,60,9
7,92,9
8,69,9
9,115,9
0,129,13
1,67,13
2,52,13
3,101,13
4,71,13
5,82,13
6,84,13
7,62,13
8,84,13
9,65,13
0,111,15
1,88,15
2,54,15
3,100,15
4,51,15
5,89,15
6,82,15
7,76,15
8,68,15
9,77,15
0,83,3
1,93,3
2,94,3
3,112,3
4,104,3
5,51,3
6,31,3
7,104,3
8,47,3
9,78,3
0,57,14
1,59,14
2,84,14
3,96,14
4,90,14
5,71,14
6,64,14
7,78,14
8,90,14
9,108,14
0,101,10
1,33,10
2,110,10
3,54,10
4,97,10
5,92,10
6,40,10
7,104,10
8,112,10
9,53,10
0,55,13
1,84,13
2,54,13
3,96,13
4,75,13
5,56,13
6,82,13
7,99,13
8,95,13
9,100,13
0,63,12
1,24,12
2,122,12
3,96,12
4,83,12
5,68,12
6,96,12
7,59,12
8,106,12
9,79,12
0,86,11
1,48,11
2,114,11
3,67,11
4,34,11
5,93,11
6,86,11
7,76,11
8,94,11
9,98,11
0,67,5
1,88,5
2,60,5
3,101,5
4,63,5
5,53,5
6,119,5
7,60,5
8,132,5
9,54,5
0,63,8
1,67,8
2,46,8
3,72,8
4,65,8
5,77,8
6,153,8
7,49,8
8,102,8
9,102,8
0,50,15
1,63,15
2,66,15
3,85,15
4,104,15
5,82,15
6,126,15
7,108,15
8,64,15
9,48,15
0,56,19
1,108,19
2,98,19
3,93,19
4,70,19
5,53,19
6,88,19
7,59,19
8,77,19
9,94,19
0,50,6
1,110,6
2,67,6
3,132,6
4,56,6
5,113,6
6,93,6
7,64,6
8,53,6
9,58,6
0,120,2
1,92,2
2,76,2
3,76,2
4,87,2
5,63,2
6,40,2
7,100,2
8,76,2
9,67,2
0,80,1
1,67,1
2,79,1
3,104,1
4,49,1
5,61,1
6,63,1
7,113,1
8,109,1
9,72,1
0,64,9
1,122,9
2,87,9
3,109,9
4,56,9
5,122,9
6,61,9
7,66,9
8,60,9
9,48,9
0,70,4
1,104,4
2,60,4
3,111,4
4,65,4
5,49,4
6,100,4
7,113,4
8,52,4
9,72,4
0,89,7
1,76,7
2,82,7
3,84,7
4,82,7
5,76,7
6,88,7
7,104,7
8,66,7
9,48,7
0,95,17
1,51,17
2,64,17
3,105,17
4,75,17
5,76,17
6,75,17
7,101,17
8,44,17
9,110,17
0,86,16
1,60,16
2,75,16
3,128,16
4,76,16
5,49,16
6,89,16
7,84,16
8,77,16
9,71,16
0,92,0
1,61,0
2,83,0
3,100,0
4,84,0
5,42,0
6,66,0
7,99,0
8,106,0
9,64,0
0,36,18
1,95,18
2,106,18
3,68,18
4,118,18
5,76,18
6,76,18
7,65,18
8,76,18
9,80,18
0,106,18
1,35,18
2,86,18
3,50,18
4,80,18
5,76,18
6,104,18
7,72,18
8,67,18
9,120,18
0,81,5
1,118,5
2,16,5
3,106,5
4,91,5
5,62,5
6,95,5
7,67,5
8,108,5
9,52,5
0,90,15
1,80,15
2,73,15
3,77,15
4,89,15
5,61,15
6,117,15
7,80,15
8,72,15
9,56,15
0,51,19
1,56,19
2,80,19
3,59,19
4,119,19
5,56,19
6,84,19
7,79,19
8,103,19
9,110,19
0,96,3
1,120,3
2,92,3
3,54,3
4,99,3
5,58,3
6,94,3
7,52,3
8,87,3
9,44,3
0,86,6
1,144,6
2,64,6
3,119,6
4,76,6
5,38,6
6,36,6
7,72,6
8,84,6
9,76,6
0,53,7
1,88,7
2,53,7
3,88,7
4,97,7
5,61,7
6,100,7
7,63,7
8,72,7
9,122,7
0,66,12
1,79,12
2,110,12
3,64,12
4,70,12
5,101,12
6,86,12
7,80,12
8,58,12
9,81,12
0,76,1
1,67,1
2,97,1
3,111,1
4,107,1
5,81,1
6,71,1
7,74,1
8,48,1
9,65,1
0,124,2
1,37,2
2,43,2
3,120,2
4,65,2
5,78,2
6,80,2
7,72,2
8,119,2
9,57,2
0,112,8
1,74,8
2,80,8
3,123,8
4,92,8
5,54,8
6,96,8
7,52,8
8,60,8
9,54,8
0,69,14
1,64,14
2,92,14
3,98,14
4,56,14
5,97,14
6,86,14
7,140,14
8,49,14
9,44,14
0,102,16
1,74,16
2,122,16
3,56,16
4,54,16
5,72,16
6,90,16
7,97,16
8,73,16
9,56,16
0,62,0
1,68,0
2,123,0
3,83,0
4,111,0
5,73,0
6,41,0
7,84,0
8,85,0
9,66,0
0,92,13
1,96,13
2,89,13
3,114,13
4,39,13
5,92,13
6,65,13
7,73,13
8,52,13
9,84,13
0,40,17
1,53,17
2,64,17
3,84,17
4,115,17
5,57,17
6,128,17
7,90,17
8,99,17
9,67,17
0,99,9
1,77,9
2,87,9
3,72,9
4,100,9
5,45,9
6,36,9
7,89,9
8,110,9
9,81,9
0,64,11
1,36,11
2,67,11
3,94,11
4,153,11
5,55,11
6,91,11
7,41,11
8,89,11
9,107,11
0,142,10
1,100,10
2,39,10
3,80,10
4,76,10
5,64,10
6,80,10
7,74,10
8,94,10
9,48,10
0,98,4
1,36,4
2,91,4
3,93,4
4,63,4
5,112,4
6,39,4
7,83,4
8,92,4
9,89,4
0,49,12
1,62,12
2,112,12
3,64,12
4,88,12
5,81,12
6,104,12
7,72,12
8,64,12
9,99,12
0,100,1
1,64,1
2,74,1
3,102,1
4,87,1
5,83,1
6,64,1
7,88,1
8,89,1
9,45,1
0,92,6
1,62,6
2,37,6
3,32,6
4,134,6
5,80,6
6,142,6
7,76,6
8,61,6
9,80,6
0,70,4
1,57,4
2,62,4
3,110,4
4,85,4
5,49,4
6,124,4
7,53,4
8,120,4
9,65,4
0,61,16
1,78,16
2,102,16
3,88,16
4,48,16
5,100,16
6,83,16
7,77,16
8,80,16
9,79,16
0,80,19
1,52,19
2,69,19
3,88,19
4,105,19
5,91,19
6,75,19
7,80,19
8,102,19
9,52,19
0,82,11
1,97,11
2,89,11
3,98,11
4,90,11
5,52,11
6,80,11
7,76,11
8,62,11
9,69,11
0,48,10
1,111,10
2,132,10
3,88,10
4,68,10
5,77,10
6,64,10
7,47,10
8,86,10
9,75,10
0,108,7
1,76,7
2,46,7
3,64,7
4,100,7
5,72,7
6,72,7
7,63,7
8,79,7
9,116,7
0,93,9
1,28,9
2,110,9
3,87,9
4,92,9
5,107,9
6,72,9
7,89,9
8,48,9
9,70,9
0,128,8
1,63,8
2,87,8
3,107,8
4,84,8
5,28,8
6,88,8
7,55,8
8,76,8
9,81,8
0,91,14
1,81,14
2,104,14
3,107,14
4,121,14
5,43,14
6,30,14
7,34,14
8,108,14
9,77,14
0,100,5
1,110,5
2,75,5
3,52,5
4,60,5
5,44,5
6,123,5
7,52,5
8,115,5
9,66,5
0,81,2
1,108,2
2,88,2
3,77,2
4,81,2
5,76,2
6,89,2
7,69,2
8,56,2
9,72,2
0,40,0
1,62,0
2,74,0
3,61,0
4,171,0
5,94,0
6,116,0
7,44,0
8,38,0
9,96,0
0,117,15
1,54,15
2,115,15
3,58,15
4,88,15
5,92,15
6,35,15
7,69,15
8,107,15
9,61,15
0,66,18
1,64,18
2,62,18
3,45,18
4,84,18
5,131,18
6,122,18
7,53,18
8,88,18
9,81,18
0,79,17
1,73,17
2,113,17
3,122,17
4,79,17
5,79,17
6,60,17
7,88,17
8,39,17
9,64,17
0,78,13
1,92,13
2,64,13
3,76,13
4,65,13
5,76,13
6,91,13
7,113,13
8,60,13
9,80,13
0,126,3
1,70,3
2,67,3
3,52,3
4,39,3
5,130,3
6,44,3
7,138,3
8,60,3
9,70,3
0,76,19
1,81,19
2,90,19
3,100,19
4,128,19
5,77,19
6,61,19
7,52,19
8,44,19
9,87,19
0,91,3
1,64,3
2,112,3
3,59,3
4,75,3
5,96,3
6,72,3
7,101,3
8,89,3
9,37,3
0,132,16
1,88,16
2,84,16
3,56,16
4,36,16
5,72,16
6,61,16
7,89,16
8,53,16
9,124,16
0,66,10
1,76,10
2,44,10
3,54,10
4,130,10
5,73,10
6,72,10
7,84,10
8,89,10
9,108,10
0,86,18
1,52,18
2,96,18
3,60,18
4,88,18
5,67,18
6,87,18
7,69,18
8,76,18
9,115,18
0,104,9
1,54,9
2,53,9
3,95,9
4,102,9
5,119,9
6,97,9
7,50,9
8,48,9
9,74,9
0,105,0
1,103,0
2,83,0
3,24,0
4,77,0
5,47,0
6,62,0
7,58,0
8,137,0
9,100,0
0,89,6
1,124,6
2,72,6
3,62,6
4,67,6
5,76,6
6,65,6
7,56,6
8,97,6
9,88,6
0,97,14
1,60,14
2,88,14
3,93,14
4,145,14
5,46,14
6,72,14
7,71,14
8,55,14
9,68,14
0,44,11
1,44,11
2,71,11
3,66,11
4,89,11
5,102,11
6,86,11
7,74,11
8,108,11
9,112,11
0,108,4
1,112,4
2,87,4
3,116,4
4,45,4
5,32,4
6,61,4
7,38,4
8,83,4
9,114,4
0,76,15
1,78,15
2,91,15
3,48,15
4,142,15
5,35,15
6,64,15
7,61,15
8,61,15
9,141,15
0,62,12
1,44,12
2,133,12
3,101,12
4,74,12
5,80,12
6,73,12
7,34,12
8,100,12
9,96,12
0,78,5
1,41,5
2,87,5
3,98,5
4,100,5
5,30,5
6,108,5
7,70,5
8,69,5
9,115,5
0,84,1
1,104,1
2,64,1
3,123,1
4,100,1
5,52,1
6,71,1
7,84,1
8,45,1
9,70,1
0,83,17
1,118,17
2,43,17
3,77,17
4,59,17
5,106,17
6,67,17
7,95,17
8,81,17
9,68,17
0,52,8
1,60,8
2,73,8
3,94,8
4,128,8
5,61,8
6,92,8
7,89,8
8,73,8
9,72,8
0,84,13
1,76,13
2,60,13
3,35,13
4,133,13
5,76,13
6,80,13
7,103,13
8,66,13
9,84,13
0,43,2
1,72,2
2,91,2
3,84,2
4,96,2
5,94,2
6,79,2
7,56,2
8,100,2
9,84,2
0,45,7
1,80,7
2,61,7
3,67,7
4,95,7
5,96,7
6,68,7
7,88,7
8,69,7
9,126,7
0,60,0
1,99,0
2,70,0
3,113,0
4,62,0
5,40,0
6,86,0
7,87,0
8,76,0
9,103,0
0,76,12
1,78,12
2,123,12
3,60,12
4,41,12
5,115,12
6,84,12
7,94,12
8,73,12
9,52,12
0,47,3
1,111,3
2,64,3
3,81,3
4,116,3
5,47,3
6,80,3
7,84,3
8,65,3
9,102,3
0,74,2
1,40,2
2,109,2
3,78,2
4,105,2
5,44,2
6,64,2
7,95,2
8,112,2
9,76,2
0,56,15
1,72,15
2,109,15
3,66,15
4,87,15
5,68,15
6,93,15
7,94,15
8,91,15
9,60,15
0,94,10
1,48,10
2,82,10
3,47,10
4,78,10
5,72,10
6,79,10
7,124,10
8,88,10
9,84,10
0,65,9
1,114,9
2,103,9
3,88,9
4,71,9
5,105,9
6,88,9
7,54,9
8,68,9
9,40,9
0,44,6
1,91,6
2,58,6
3,98,6
4,68,6
5,117,6
6,65,6
7,60,6
8,94,6
9,101,6
0,104,1
1,82,1
2,49,1
3,32,1
4,81,1
5,107,1
6,92,1
7,67,1
8,123,1
9,59,1
0,120,14
1,64,14
2,48,14
3,84,14
4,100,14
5,65,14
6,56,14
7,78,14
8,56,14
9,124,14
0,89,7
1,64,7
2,80,7
3,67,7
4,92,7
5,75,7
6,68,7
7,156,7
8,55,7
9,50,7
0,120,17
1,55,17
2,75,17
3,42,17
4,77,17
5,84,17
6,72,17
7,120,17
8,64,17
9,88,17
0,63,5
1,88,5
2,37,5
3,81,5
4,118,5
5,94,5
6,48,5
7,60,5
8,99,5
9,109,5
0,56,8
1,61,8
2,57,8
3,98,8
4,62,8
5,100,8
6,137,8
7,97,8
8,56,8
9,72,8
0,116,13
1,50,13
2,60,13
3,43,13
4,69,13
5,101,13
6,81,13
7,52,13
8,84,13
9,140,13
0,119,4
1,88,4
2,38,4
3,109,4
4,45,4
5,73,4
6,80,4
7,62,4
8,73,4
9,108,4
0,119,11
1,61,11
2,54,11
3,125,11
4,96,11
5,77,11
6,44,11
7,100,11
8,76,11
9,42,11
0,64,19
1,58,19
2,65,19
3,100,19
4,65,19
5,80,19
6,60,19
7,108,19
8,116,19
9,79,19
0,141,18
1,95,18
2,72,18
3,104,18
4,77,18
5,43,18
6,68,18
7,59,18
8,72,18
9,65,18
0,115,16
1,103,16
2,73,16
3,48,16
4,159,16
5,52,16
6,88,16
7,51,16
8,81,16
9,25,16
0,77,19
1,55,19
2,50,19
3,132,19
4,88,19
5,82,19
6,76,19
7,67,19
8,71,19
9,99,19
0,103,12
1,36,12
2,81,12
3,76,12
4,99,12
5,53,12
6,68,12
7,104,12
8,98,12
9,78,12
0,41,15
1,144,15
2,64,15
3,52,15
4,40,15
5,40,15
6,110,15
7,125,15
8,56,15
9,122,15
0,98,13
1,45,13
2,94,13
3,46,13
4,100,13
5,43,13
6,120,13
7,63,13
8,88,13
9,98,13
0,104,18
1,40,18
2,115,18
3,67,18
4,80,18
5,35,18
6,82,18
7,84,18
8,88,18
9,101,18
0,80,5
1,88,5
2,71,5
3,55,5
4,77,5
5,82,5
6,78,5
7,84,5
8,132,5
9,48,5
0,112,1
1,66,1
2,108,1
3,56,1
4,61,1
5,96,1
6,92,1
7,62,1
8,84,1
9,60,1
0,80,0
1,95,0
2,115,0
3,97,0
4,80,0
5,64,0
6,97,0
7,64,0
8,50,0
9,54,0
0,98,2
1,75,2
2,65,2
3,50,2
4,88,2
5,51,2
6,146,2
7,90,2
8,56,2
9,76,2
0,46,6
1,60,6
2,76,6
3,35,6
4,61,6
5,132,6
6,140,6
7,86,6
8,93,6
9,67,6
0,52,4
1,48,4
2,56,4
3,156,4
4,68,4
5,146,4
6,92,4
7,57,4
8,60,4
9,64,4
0,92,16
1,68,16
2,79,16
3,158,16
4,43,16
5,28,16
6,72,16
7,72,16
8,99,16
9,87,16
0,72,17
1,61,17
2,104,17
3,19,17
4,99,17
5,136,17
6,116,17
7,40,17
8,54,17
9,95,17
0,74,11
1,108,11
2,61,11
3,91,11
4,100,11
5,76,11
6,84,11
7,60,11
8,48,11
9,95,11
0,92,3
1,64,3
2,125,3
3,81,3
4,56,3
5,92,3
6,103,3
7,55,3
8,83,3
9,45,3
0,73,8
1,82,8
2,76,8
3,90,8
4,76,8
5,57,8
6,56,8
7,90,8
8,113,8
9,82,8
0,92,7
1,92,7
2,53,7
3,62,7
4,76,7
5,102,7
6,71,7
7,47,7
8,112,7
9,89,7
0,78,10
1,54,10
2,44,10
3,95,10
4,103,10
5,75,10
6,70,10
7,96,10
8,98,10
9,84,10
0,89,9
1,54,9
2,73,9
3,152,9
4,80,9
5,46,9
6,97,9
7,46,9
8,102,9
9,56,9
0,116,14
1,86,14
2,52,14
3,68,14
4,63,14
5,116,14
6,42,14
7,93,14
8,74,14
9,85,14
0,83,18
1,128,18
2,68,18
3,108,18
4,60,18
5,52,18
6,70,18
7,84,18
8,96,18
9,46,18
0,134,14
1,56,14
2,73,14
3,100,14
4,64,14
5,76,14
6,54,14
7,69,14
8,64,14
9,104,14
0,72,17
1,45,17
2,103,17
3,76,17
4,100,17
5,72,17
6,59,17
7,104,17
8,60,17
9,104,17
0,123,11
1,52,11
2,50,11
3,140,11
4,64,11
5,62,11
6,76,11
7,72,11
8,74,11
9,83,11
0,89,19
1,91,19
2,72,19
3,56,19
4,79,19
5,77,19
6,68,19
7,54,19
8,63,19
9,148,19
0,40,10
1,67,10
2,92,10
3,88,10
4,81,10
5,82,10
6,96,10
7,61,10
8,120,10
9,70,10
0,88,13
1,88,13
2,95,13
3,77,13
4,79,13
5,63,13
6,86,13
7,105,13
8,52,13
9,64,13
0,63,6
1,58,6
2,102,6
3,76,6
4,117,6
5,110,6
6,80,6
7,60,6
8,60,6
9,70,6
0,67,3
1,60,3
2,48,3
3,112,3
4,45,3
5,107,3
6,105,3
7,106,3
8,60,3
9,86,3
0,70,1
1,66,1
2,72,1
3,79,1
4,120,1
5,48,1
6,121,1
7,94,1
8,89,1
9,38,1
0,78,4
1,89,4
2,96,4
3,75,4
4,52,4
5,63,4
6,72,4
7,92,4
8,86,4
9,92,4
0,56,0
1,103,0
2,124,0
3,104,0
4,88,0
5,83,0
6,64,0
7,40,0
8,64,0
9,71,0
0,98,2
1,98,2
2,56,2
3,70,2
4,76,2
5,86,2
6,131,2
7,28,2
8,40,2
9,112,2
0,97,16
1,87,16
2,109,16
3,69,16
4,61,16
5,65,16
6,72,16
7,61,16
8,128,16
9,46,16
0,120,5
1,51,5
2,58,5
3,64,5
4,89,5
5,70,5
6,119,5
7,38,5
8,113,5
9,74,5
0,52,9
1,59,9
2,72,9
3,158,9
4,128,9
5,52,9
6,59,9
7,71,9
8,84,9
9,63,9
0,101,12
1,100,12
2,56,12
3,81,12
4,103,12
5,48,12
6,74,12
7,79,12
8,59,12
9,96,12
0,70,8
1,128,8
2,77,8
3,67,8
4,86,8
5,78,8
6,104,8
7,65,8
8,40,8
9,81,8
0,68,15
1,44,15
2,77,15
3,62,15
4,146,15
5,108,15
6,110,15
7,56,15
8,52,15
9,73,15
0,74,7
1,93,7
2,68,7
3,84,7
4,65,7
5,55,7
6,88,7
7,60,7
8,52,7
9,158,7
0,84,8
1,61,8
2,66,8
3,66,8
4,101,8
5,41,8
6,80,8
7,140,8
8,76,8
9,80,8
0,54,13
1,79,13
2,87,13
3,60,13
4,69,13
5,150,13
6,110,13
7,75,13
8,79,13
9,34,13
0,71,9
1,68,9
2,73,9
3,75,9
4,68,9
5,100,9
6,95,9
7,107,9
8,62,9
9,77,9
0,100,11
1,63,11
2,56,11
3,44,11
4,52,11
5,42,11
6,84,11
7,101,11
8,108,11
9,146,11
0,48,2
1,108,2
2,81,2
3,72,2
4,44,2
5,92,2
6,149,2
7,52,2
8,92,2
9,56,2
0,113,17
1,104,17
2,45,17
3,84,17
4,54,17
5,70,17
6,105,17
7,104,17
8,70,17
9,48,17
0,83,18
1,79,18
2,84,18
3,64,18
4,42,18
5,112,18
6,74,18
7,124,18
8,58,18
9,76,18
0,86,1
1,92,1
2,77,1
3,88,1
4,109,1
5,130,1
6,68,1
7,45,1
8,60,1
9,41,1
0,47,10
1,158,10
2,56,10
3,69,10
4,79,10
5,114,10
6,40,10
7,117,10
8,68,10
9,48,10
0,83,0
1,93,0
2,63,0
3,118,0
4,68,0
5,80,0
6,62,0
7,76,0
8,95,0
9,59,0
0,88,15
1,76,15
2,72,15
3,108,15
4,77,15
5,76,15
6,55,15
7,92,15
8,86,15
9,68,15
0,64,5
1,95,5
2,142,5
3,71,5
4,84,5
5,32,5
6,83,5
7,41,5
8,128,5
9,57,5
0,91,3
1,62,3
2,59,3
3,82,3
4,67,3
5,77,3
6,94,3
7,70,3
8,118,3
9,76,3
0,106,19
1,76,19
2,56,19
3,65,19
4,88,19
5,102,19
6,113,19
7,73,19
8,65,19
9,52,19
0,76,6
1,68,6
2,107,6
3,84,6
4,76,6
5,84,6
6,64,6
7,93,6
8,84,6
9,60,6
0,152,7
1,75,7
2,52,7
3,105,7
4,32,7
5,64,7
6,107,7
7,64,7
8,84,7
9,60,7
0,81,4
1,34,4
2,72,4
3,79,4
4,112,4
5,100,4
6,93,4
7,31,4
8,110,4
9,84,4
0,47,12
1,124,12
2,69,12
3,75,12
4,81,12
5,116,12
6,47,12
7,64,12
8,99,12
9,74,12
0,80,16
1,72,16
2,87,16
3,75,16
4,81,16
5,86,16
6,131,16
7,60,16
8,65,16
9,60,16
0,61,14
1,89,14
2,58,14
3,72,14
4,60,14
5,88,14
6,80,14
7,136,14
8,60,14
9,92,14
0,46,0
1,113,0
2,33,0
3,56,0
4,84,0
5,76,0
6,71,0
7,74,0
8,155,0
9,88,0
0,54,5
1,37,5
2,118,5
3,50,5
4,86,5
5,52,5
6,107,5
7,119,5
8,88,5
9,85,5
0,107,4
1,22,4
2,45,4
3,180,4
4,42,4
5,69,4
6,67,4
7,102,4
8,108,4
9,54,4
0,80,13
1,98,13
2,88,13
3,119,13
4,78,13
5,68,13
6,70,13
7,75,13
8,62,13
9,59,13
0,90,1
1,105,1
2,121,1
3,47,1
4,68,1
5,104,1
6,61,1
7,58,1
8,88,1
9,52,1
0,76,7
1,96,7
2,117,7
3,80,7
4,76,7
5,51,7
6,46,7
7,79,7
8,89,7
9,85,7
0,108,2
1,80,2
2,63,2
3,100,2
4,65,2
5,86,2
6,70,2
7,90,2
8,76,2
9,58,2
0,56,6
1,65,6
2,86,6
3,143,6
4,83,6
5,76,6
6,75,6
7,60,6
8,63,6
9,91,6
0,123,11
1,61,11
2,81,11
3,81,11
4,54,11
5,57,11
6,104,11
7,125,11
8,78,11
9,31,11
0,75,8
1,76,8
2,100,8
3,76,8
4,112,8
5,104,8
6,40,8
7,89,8
8,44,8
9,78,8
0,95,16
1,92,16
2,48,16
3,75,16
4,51,16
5,104,16
6,102,16
7,100,16
8,64,16
9,66,16
0,40,18
1,75,18
2,105,18
3,84,18
4,126,18
5,90,18
6,70,18
7,89,18
8,32,18
9,84,18
0,70,15
1,71,15
2,113,15
3,59,15
4,106,15
5,73,15
6,77,15
7,60,15
8,61,15
9,105,15
0,88,14
1,62,14
2,85,14
3,85,14
4,100,14
5,84,14
6,36,14
7,68,14
8,136,14
9,53,14
0,64,9
1,67,9
2,84,9
3,73,9
4,120,9
5,20,9
6,124,9
7,78,9
8,96,9
9,69,9
0,100,17
1,36,17
2,98,17
3,59,17
4,86,17
5,45,17
6,121,17
7,91,17
8,87,17
9,73,17
0,96,10
1,96,10
2,64,10
3,60,10
4,84,10
5,128,10
6,76,10
7,80,10
8,63,10
9,49,10
0,52,19
1,86,19
2,39,19
3,84,19
4,48,19
5,68,19
6,51,19
7,81,19
8,227,19
9,60,19
0,68,12
1,61,12
2,86,12
3,73,12
4,92,12
5,98,12
6,70,12
7,61,12
8,83,12
9,104,12
0,68,3
1,96,3
2,95,3
3,94,3
4,62,3
5,80,3
6,48,3
7,39,3
8,144,3
9,72,3
0,103,0
1,104,0
2,57,0
3,50,0
4,52,0
5,87,0
6,103,0
7,59,0
8,103,0
9,79,0
0,117,10
1,103,10
2,97,10
3,58,10
4,73,10
5,96,10
6,24,10
7,61,10
8,62,10
9,104,10
0,108,18
1,62,18
2,38,18
3,42,18
4,79,18
5,128,18
6,103,18
7,96,18
8,74,18
9,66,18
0,129,1
1,53,1
2,110,1
3,63,1
4,89,1
5,94,1
6,37,1
7,46,1
8,95,1
9,80,1
0,96,7
1,40,7
2,41,7
3,59,7
4,163,7
5,81,7
6,52,7
7,79,7
8,63,7
9,124,7
0,56,3
1,56,3
2,70,3
3,120,3
4,57,3
5,48,3
6,48,3
7,160,3
8,72,3
9,109,3
0,88,13
1,74,13
2,62,13
3,123,13
4,81,13
5,48,13
6,50,13
7,80,13
8,122,13
9,68,13
0,79,8
1,97,8
2,101,8
3,75,8
4,80,8
5,83,8
6,56,8
7,55,8
8,65,8
9,104,8
0,44,6
1,61,6
2,85,6
3,68,6
4,91,6
5,106,6
6,69,6
7,132,6
8,72,6
9,68,6
0,81,19
1,77,19
2,61,19
3,69,19
4,100,19
5,91,19
6,35,19
7,93,19
8,83,19
9,105,19
0,82,5
1,59,5
2,96,5
3,62,5
4,92,5
5,115,5
6,48,5
7,64,5
8,92,5
9,86,5
0,47,16
1,113,16
2,52,16
3,58,16
4,98,16
5,40,16
6,83,16
7,95,16
8,76,16
9,134,16
0,54,17
1,67,17
2,113,17
3,108,17
4,84,17
5,100,17
6,73,17
7,72,17
8,56,17
9,68,17
0,72,12
1,76,12
2,54,12
3,85,12
4,72,12
5,91,12
6,88,12
7,65,12
8,110,12
9,82,12
0,82,9
1,96,9
2,54,9
3,80,9
4,85,9
5,104,9
6,48,9
7,95,9
8,63,9
9,91,9
0,95,14
1,37,14
2,57,14
3,111,14
4,85,14
5,100,14
6,61,14
7,60,14
8,130,14
9,60,14
0,75,15
1,80,15
2,40,15
3,75,15
4,72,15
5,81,15
6,75,15
7,64,15
8,138,15
9,97,15
0,55,2
1,79,2
2,59,2
3,90,2
4,74,2
5,94,2
6,73,2
7,72,2
8,100,2
9,100,2
0,67,4
1,86,4
2,31,4
3,126,4
4,68,4
5,97,4
6,73,4
7,90,4
8,93,4
9,65,4
0,88,11
1,97,11
2,70,11
3,61,11
4,129,11
5,60,11
6,52,11
7,79,11
8,95,11
9,64,11
0,78,12
1,49,12
2,63,12
3,115,12
4,94,12
5,47,12
6,84,12
7,127,12
8,99,12
9,40,12
0,90,16
1,83,16
2,94,16
3,92,16
4,99,16
5,64,16
6,57,16
7,64,16
8,52,16
9,102,16
0,65,3
1,75,3
2,80,3
3,91,3
4,73,3
5,99,3
6,64,3
7,102,3
8,54,3
9,93,3
0,88,4
1,91,4
2,104,4
3,54,4
4,88,4
5,71,4
6,92,4
7,55,4
8,72,4
9,84,4
0,43,9
1,65,9
2,100,9
3,91,9
4,60,9
5,100,9
6,111,9
7,57,9
8,95,9
9,75,9
0,67,19
1,80,19
2,88,19
3,50,19
4,72,19
5,100,19
6,51,19
7,60,19
8,92,19
9,136,19
0,81,10
1,32,10
2,66,10
3,44,10
4,73,10
5,123,10
6,58,10
7,103,10
8,95,10
9,121,10
0,69,15
1,60,15
2,84,15
3,62,15
4,101,15
5,91,15
6,64,15
7,47,15
8,144,15
9,74,15
0,55,17
1,58,17
2,108,17
3,66,17
4,97,17
5,76,17
6,92,17
7,85,17
8,68,17
9,89,17
0,70,11
1,76,11
2,71,11
3,95,11
4,79,11
5,70,11
6,96,11
7,91,11
8,90,11
9,59,11
0,64,13
1,88,13
2,87,13
3,74,13
4,67,13
5,87,13
6,116,13
7,88,13
8,56,13
9,68,13
0,81,14
1,92,14
2,57,14
3,59,14
4,64,14
5,124,14
6,105,14
7,114,14
8,64,14
9,36,14
0,62,6
1,144,6
2,96,6
3,66,6
4,96,6
5,78,6
6,42,6
7,51,6
8,76,6
9,85,6
0,135,18
1,44,18
2,76,18
3,53,18
4,98,18
5,73,18
6,46,18
7,93,18
8,85,18
9,92,18
0,96,1
1,93,1
2,52,1
3,69,1
4,116,1
5,43,1
6,89,1
7,59,1
8,60,1
9,119,1
0,123,7
1,56,7
2,81,7
3,74,7
4,52,7
5,86,7
6,74,7
7,73,7
8,49,7
9,127,7
0,96,5
1,36,5
2,72,5
3,78,5
4,68,5
5,115,5
6,70,5
7,113,5
8,88,5
9,60,5
0,72,8
1,104,8
2,96,8
3,87,8
4,47,8
5,72,8
6,57,8
7,108,8
8,64,8
9,88,8
0,69,2
1,92,2
2,73,2
3,118,2
4,65,2
5,55,2
6,76,2
7,94,2
8,83,2
9,71,2
0,84,0
1,68,0
2,108,0
3,93,0
4,87,0
5,67,0
6,60,0
7,104,0
8,72,0
9,54,0
0,70,12
1,74,12
2,83,12
3,44,12
4,89,12
5,100,12
6,41,12
7,142,12
8,73,12
9,80,12
0,72,8
1,66,8
2,120,8
3,61,8
4,86,8
5,69,8
6,44,8
7,60,8
8,117,8
9,100,8
0,62,6
1,28,6
2,96,6
3,84,6
4,91,6
5,100,6
6,77,6
7,64,6
8,95,6
9,99,6
0,74,3
1,97,3
2,45,3
3,78,3
4,82,3
5,93,3
6,76,3
7,60,3
8,106,3
9,84,3
0,64,0
1,132,0
2,62,0
3,92,0
4,114,0
5,53,0
6,60,0
7,53,0
8,81,0
9,84,0
0,54,13
1,76,13
2,132,13
3,68,13
4,100,13
5,53,13
6,88,13
7,68,13
8,72,13
9,84,13
0,85,9
1,44,9
2,110,9
3,30,9
4,64,9
5,92,9
6,89,9
7,97,9
8,79,9
9,106,9
0,84,14
1,90,14
2,82,14
3,88,14
4,49,14
5,67,14
6,104,14
7,66,14
8,68,14
9,98,14
0,68,7
1,53,7
2,119,7
3,52,7
4,68,7
5,66,7
6,76,7
7,69,7
8,100,7
9,124,7
0,64,16
1,92,16
2,68,16
3,70,16
4,76,16
5,131,16
6,79,16
7,41,16
8,60,16
9,115,16
0,128,2
1,48,2
2,62,2
3,80,2
4,137,2
5,48,2
6,77,2
7,100,2
8,64,2
9,52,2
0,99,18
1,56,18
2,108,18
3,106,18
4,32,18
5,96,18
6,91,18
7,92,18
8,81,18
9,34,18
0,38,5
1,96,5
2,120,5
3,65,5
4,63,5
5,79,5
6,109,5
7,140,5
8,42,5
9,44,5
0,65,17
1,72,17
2,93,17
3,73,17
4,80,17
5,76,17
6,46,17
7,67,17
8,101,17
9,123,17
0,44,11
1,112,11
2,67,11
3,77,11
4,72,11
5,50,11
6,82,11
7,84,11
8,89,11
9,118,11
0,32,10
1,116,10
2,93,10
3,48,10
4,60,10
5,84,10
6,53,10
7,96,10
8,67,10
9,147,10
0,74,15
1,48,15
2,56,15
3,84,15
4,82,15
5,79,15
6,50,15
7,104,15
8,72,15
9,147,15
0,68,1
1,103,1
2,74,1
3,89,1
4,85,1
5,101,1
6,124,1
7,67,1
8,45,1
9,40,1
0,50,4
1,112,4
2,87,4
3,88,4
4,68,4
5,56,4
6,100,4
7,72,4
8,72,4
9,92,4
0,58,19
1,47,19
2,77,19
3,100,19
4,60,19
5,36,19
6,96,19
7,188,19
8,34,19
9,100,19
0,63,12
1,157,12
2,114,12
3,40,12
4,64,12
5,72,12
6,85,12
7,65,12
8,48,12
9,87,12
0,63,0
1,104,0
2,70,0
3,146,0
4,90,0
5,85,0
6,32,0
7,47,0
8,88,0
9,72,0
0,93,9
1,72,9
2,53,9
3,60,9
4,70,9
5,86,9
6,44,9
7,173,9
8,56,9
9,88,9
0,76,5
1,63,5
2,123,5
3,84,5
4,115,5
5,92,5
6,76,5
7,61,5
8,28,5
9,79,5
0,106,16
1,68,16
2,128,16
3,72,16
4,57,16
5,65,16
6,81,16
7,69,16
8,63,16
9,88,16
0,53,13
1,74,13
2,26,13
3,39,13
4,77,13
5,88,13
6,100,13
7,170,13
8,53,13
9,116,13
0,32,19
1,128,19
2,56,19
3,72,19
4,91,19
5,85,19
6,76,19
7,103,19
8,60,19
9,92,19
0,48,2
1,32,2
2,44,2
3,109,2
4,68,2
5,76,2
6,187,2
7,96,2
8,67,2
9,70,2
0,71,7
1,80,7
2,68,7
3,66,7
4,84,7
5,69,7
6,80,7
7,59,7
8,103,7
9,115,7
0,52,3
1,84,3
2,64,3
3,94,3
4,110,3
5,92,3
6,50,3
7,81,3
8,80,3
9,88,3
0,43,8
1,105,8
2,45,8
3,138,8
4,66,8
5,81,8
6,82,8
7,64,8
8,116,8
9,56,8
0,80,14
1,67,14
2,96,14
3,109,14
4,48,14
5,49,14
6,58,14
7,88,14
8,148,14
9,52,14
0,75,10
1,84,10
2,46,10
3,80,10
4,72,10
5,77,10
6,80,10
7,123,10
8,73,10
9,84,10
0,52,18
1,113,18
2,68,18
3,44,18
4,66,18
5,83,18
6,161,18
7,68,18
8,88,18
9,52,18
0,71,4
1,62,4
2,100,4
3,121,4
4,68,4
5,40,4
6,144,4
7,46,4
8,60,4
9,84,4
0,57,15
1,101,15
2,41,15
3,56,15
4,54,15
5,123,15
6,98,15
7,82,15
8,79,15
9,105,15
0,87,6
1,64,6
2,100,6
3,66,6
4,86,6
5,88,6
6,68,6
7,75,6
8,75,6
9,88,6
0,88,1
1,96,1
2,67,1
3,90,1
4,85,1
5,55,1
6,92,1
7,66,1
8,79,1
9,79,1
0,89,11
1,68,11
2,80,11
3,79,11
4,79,11
5,81,11
6,55,11
7,55,11
8,89,11
9,122,11
0,114,17
1,63,17
2,62,17
3,57,17
4,112,17
5,74,17
6,88,17
7,94,17
8,48,17
9,84,17
0,93,5
1,100,5
2,68,5
3,73,5
4,104,5
5,84,5
6,40,5
7,58,5
8,98,5
9,77,5
0,61,19
1,77,19
2,140,19
3,52,19
4,87,19
5,69,19
6,84,19
7,41,19
8,120,19
9,64,19
0,78,17
1,72,17
2,60,17
3,74,17
4,83,17
5,28,17
6,53,17
7,148,17
8,118,17
9,81,17
0,52,7
1,116,7
2,73,7
3,106,7
4,56,7
5,72,7
6,61,7
7,91,7
8,92,7
9,77,7
0,100,8
1,82,8
2,145,8
3,108,8
4,37,8
5,57,8
6,100,8
7,82,8
8,44,8
9,41,8
0,74,12
1,72,12
2,103,12
3,102,12
4,63,12
5,21,12
6,119,12
7,72,12
8,81,12
9,89,12
0,56,15
1,72,15
2,76,15
3,60,15
4,40,15
5,118,15
6,148,15
7,47,15
8,80,15
9,100,15
0,100,13
1,32,13
2,100,13
3,122,13
4,64,13
5,35,13
6,90,13
7,98,13
8,56,13
9,100,13
0,52,14
1,76,14
2,49,14
3,93,14
4,74,14
5,53,14
6,76,14
7,91,14
8,136,14
9,96,14
0,79,6
1,81,6
2,70,6
3,93,6
4,80,6
5,77,6
6,69,6
7,93,6
8,100,6
9,53,6
0,105,18
1,48,18
2,104,18
3,93,18
4,54,18
5,88,18
6,97,18
7,72,18
8,54,18
9,80,18
0,100,3
1,76,3
2,82,3
3,71,3
4,106,3
5,74,3
6,77,3
7,40,3
8,79,3
9,92,3
0,48,16
1,41,16
2,102,16
3,44,16
4,122,16
5,61,16
6,143,16
7,80,16
8,77,16
9,78,16
0,89,11
1,92,11
2,72,11
3,79,11
4,66,11
5,63,11
6,44,11
7,81,11
8,106,11
9,103,11
0,72,4
1,81,4
2,76,4
3,65,4
4,56,4
5,150,4
6,76,4
7,85,4
8,73,4
9,61,4
0,109,1
1,39,1
2,101,1
3,120,1
4,64,1
5,66,1
6,100,1
7,56,1
8,61,1
9,81,1
0,84,9
1,82,9
2,39,9
3,36,9
4,92,9
5,101,9
6,121,9
7,84,9
8,68,9
9,88,9
0,86,0
1,112,0
2,116,0
3,89,0
4,88,0
5,52,0
6,57,0
7,65,0
8,81,0
9,49,0
0,63,2
1,84,2
2,109,2
3,57,2
4,84,2
5,95,2
6,69,2
7,104,2
8,77,2
9,53,2
0,80,10
1,76,10
2,45,10
3,79,10
4,73,10
5,132,10
6,73,10
7,146,10
8,41,10
9,51,10
0,113,18
1,57,18
2,68,18
3,88,18
4,141,18
5,59,18
6,83,18
7,70,18
8,84,18
9,33,18
0,64,2
1,46,2
2,61,2
3,107,2
4,80,2
5,48,2
6,102,2
7,100,2
8,100,2
9,88,2
0,144,6
1,35,6
2,108,6
3,81,6
4,94,6
5,48,6
6,75,6
7,64,6
8,76,6
9,72,6
0,48,11
1,92,11
2,73,11
3,64,11
4,52,11
5,60,11
6,88,11
7,124,11
8,96,11
9,100,11
0,108,15
1,48,15
2,72,15
3,82,15
4,117,15
5,100,15
6,79,15
7,79,15
8,36,15
9,75,15
0,49,7
1,39,7
2,80,7
3,96,7
4,119,7
5,60,7
6,117,7
7,111,7
8,43,7
9,84,7
0,54,9
1,52,9
2,99,9
3,72,9
4,98,9
5,108,9
6,94,9
7,87,9
8,60,9
9,71,9
0,108,1
1,63,1
2,90,1
3,42,1
4,66,1
5,124,1
6,104,1
7,75,1
8,64,1
9,61,1
0,89,16
1,74,16
2,44,16
3,56,16
4,65,16
5,73,16
6,138,16
7,54,16
8,83,16
9,120,16
0,72,13
1,62,13
2,94,13
3,86,13
4,96,13
5,107,13
6,53,13
7,81,13
8,86,13
9,59,13
0,68,10
1,100,10
2,98,10
3,120,10
4,64,10
5,95,10
6,44,10
7,90,10
8,70,10
9,47,10
0,71,17
1,104,17
2,49,17
3,93,17
4,88,17
5,81,17
6,32,17
7,98,17
8,38,17
9,141,17
0,101,12
1,78,12
2,40,12
3,96,12
4,84,12
5,101,12
6,105,12
7,91,12
8,49,12
9,50,12
0,70,5
1,63,5
2,96,5
3,118,5
4,72,5
5,107,5
6,64,5
7,70,5
8,74,5
9,64,5
0,132,8
1,71,8
2,93,8
3,64,8
4,61,8
5,65,8
6,68,8
7,87,8
8,83,8
9,72,8
0,63,4
1,53,4
2,95,4
3,63,4
4,84,4
5,48,4
6,112,4
7,100,4
8,54,4
9,124,4
0,73,14
1,94,14
2,89,14
3,83,14
4,88,14
5,51,14
6,86,14
7,111,14
8,32,14
9,90,14
0,43,19
1,57,19
2,111,19
3,83,19
4,48,19
5,95,19
6,58,19
7,65,19
8,144,19
9,92,19
0,105,0
1,61,0
2,90,0
3,86,0
4,82,0
5,68,0
6,96,0
7,68,0
8,60,0
9,80,0
0,83,3
1,97,3
2,89,3
3,69,3
4,92,3
5,58,3
6,82,3
7,68,3
8,52,3
9,106,3
0,95,6
1,103,6
2,48,6
3,54,6
4,102,6
5,119,6
6,68,6
7,65,6
8,84,6
9,59,6
0,72,1
1,146,1
2,36,1
3,43,1
4,76,1
5,72,1
6,105,1
7,100,1
8,121,1
9,25,1
0,66,10
1,123,10
2,48,10
3,85,10
4,77,10
5,104,10
6,80,10
7,61,10
8,78,10
9,73,10
0,60,13
1,92,13
2,70,13
3,100,13
4,102,13
5,83,13
6,83,13
7,86,13
8,69,13
9,52,13
0,120,5
1,40,5
2,65,5
3,84,5
4,88,5
5,86,5
6,56,5
7,70,5
8,63,5
9,123,5
0,90,7
1,87,7
2,71,7
3,86,7
4,103,7
5,63,7
6,61,7
7,87,7
8,65,7
9,84,7
0,66,16
1,109,16
2,86,16
3,115,16
4,73,16
5,97,16
6,79,16
7,93,16
8,33,16
9,44,16
0,48,9
1,71,9
2,83,9
3,193,9
4,63,9
5,84,9
6,70,9
7,84,9
8,60,9
9,41,9
0,83,15
1,89,15
2,52,15
3,85,15
4,33,15
5,66,15
6,92,15
7,114,15
8,96,15
9,85,15
0,57,12
1,80,12
2,107,12
3,118,12
4,72,12
5,85,12
6,72,12
7,66,12
8,46,12
9,92,12
0,96,8
1,131,8
2,80,8
3,84,8
4,64,8
5,60,8
6,65,8
7,49,8
8,91,8
9,76,8
0,49,19
1,84,19
2,50,19
3,80,19
4,138,19
5,106,19
6,156,19
7,42,19
8,39,19
9,52,19
0,82,18
1,71,18
2,92,18
3,118,18
4,51,18
5,80,18
6,72,18
7,72,18
8,102,18
9,56,18
0,78,3
1,56,3
2,69,3
3,97,3
4,67,3
5,108,3
6,78,3
7,89,3
8,81,3
9,72,3
0,42,14
1,122,14
2,101,14
3,105,14
4,48,14
5,107,14
6,41,14
7,100,14
8,48,14
9,82,14
0,141,11
1,31,11
2,69,11
3,60,11
4,98,11
5,49,11
6,71,11
7,45,11
8,113,11
9,118,11
0,64,4
1,82,4
2,83,4
3,54,4
4,48,4
5,132,4
6,76,4
7,117,4
8,68,4
9,72,4
0,48,2
1,73,2
2,85,2
3,95,2
4,57,2
5,61,2
6,118,2
7,90,2
8,74,2
9,94,2
0,84,0
1,84,0
2,58,0
3,109,0
4,80,0
5,62,0
6,91,0
7,77,0
8,40,0
9,112,0
0,96,17
1,87,17
2,62,17
3,116,17
4,85,17
5,51,17
6,46,17
7,55,17
8,88,17
9,112,17
0,79,3
1,93,3
2,120,3
3,71,3
4,75,3
5,85,3
6,76,3
7,48,3
8,83,3
9,67,3
0,36,10
1,72,10
2,87,10
3,118,10
4,39,10
5,113,10
6,99,10
7,74,10
8,57,10
9,101,10
0,89,18
1,88,18
2,96,18
3,79,18
4,34,18
5,65,18
6,108,18
7,66,18
8,112,18
9,58,18
0,56,11
1,103,11
2,109,11
3,48,11
4,88,11
5,67,11
6,71,11
7,118,11
8,61,11
9,75,11
0,93,12
1,122,12
2,92,12
3,67,12
4,89,12
5,21,12
6,72,12
7,67,12
8,135,12
9,38,12
0,88,4
1,79,4
2,52,4
3,90,4
4,44,4
5,64,4
6,143,4
7,85,4
8,68,4
9,83,4
0,93,0
1,62,0
2,63,0
3,83,0
4,156,0
5,39,0
6,116,0
7,56,0
8,67,0
9,62,0
0,158,9
1,92,9
2,53,9
3,55,9
4,56,9
5,44,9
6,104,9
7,112,9
8,49,9
9,72,9
0,68,8
1,88,8
2,36,8
3,62,8
4,73,8
5,68,8
6,117,8
7,71,8
8,76,8
9,136,8
0,66,15
1,123,15
2,80,15
3,56,15
4,90,15
5,57,15
6,83,15
7,94,15
8,43,15
9,104,15
0,90,17
1,98,17
2,57,17
3,87,17
4,77,17
5,51,17
6,80,17
7,75,17
8,93,17
9,88,17
0,80,1
1,64,1
2,53,1
3,85,1
4,92,1
5,73,1
6,51,1
7,112,1
8,100,1
9,88,1
0,65,16
1,116,16
2,93,16
3,134,16
4,76,16
5,51,16
6,86,16
7,53,16
8,80,16
9,43,16
0,55,7
1,57,7
2,102,7
3,92,7
4,91,7
5,99,7
6,74,7
7,91,7
8,72,7
9,64,7
0,84,19
1,94,19
2,81,19
3,112,19
4,64,19
5,84,19
6,60,19
7,52,19
8,68,19
9,96,19
0,98,13
1,104,13
2,93,13
3,99,13
4,46,13
5,76,13
6,82,13
7,73,13
8,69,13
9,55,13
0,46,6
1,96,6
2,56,6
3,96,6
4,73,6
5,111,6
6,76,6
7,76,6
8,101,6
9,64,6
0,65,5
1,135,5
2,99,5
3,99,5
4,62,5
5,50,5
6,44,5
7,71,5
8,92,5
9,80,5
0,74,2
1,83,2
2,67,2
3,42,2
4,64,2
5,136,2
6,84,2
7,61,2
8,64,2
9,121,2
0,38,14
1,40,14
2,123,14
3,74,14
4,93,14
5,92,14
6,99,14
7,67,14
8,76,14
9,94,14
0,79,13
1,59,13
2,105,13
3,57,13
4,97,13
5,78,13
6,75,13
7,103,13
8,48,13
9,96,13
0,128,18
1,65,18
2,60,18
3,72,18
4,63,18
5,108,18
6,102,18
7,68,18
8,71,18
9,59,18
0,47,0
1,85,0
2,75,0
3,65,0
4,85,0
5,56,0
6,39,0
7,90,0
8,152,0
9,102,0
0,55,11
1,83,11
2,22,11
3,104,11
4,116,11
5,64,11
6,104,11
7,72,11
8,92,11
9,83,11
0,53,7
1,59,7
2,81,7
3,48,7
4,113,7
5,91,7
6,98,7
7,100,7
8,77,7
9,76,7
0,68,1
1,115,1
2,59,1
3,69,1
4,104,1
5,72,1
6,86,1
7,72,1
8,70,1
9,82,1
0,106,3
1,80,3
2,87,3
3,37,3
4,118,3
5,44,3
6,70,3
7,84,3
8,97,3
9,73,3
0,134,17
1,72,17
2,56,17
3,59,17
4,84,17
5,80,17
6,64,17
7,140,17
8,72,17
9,34,17
0,58,14
1,94,14
2,101,14
3,123,14
4,72,14
5,39,14
6,80,14
7,116,14
8,62,14
9,51,14
0,91,10
1,57,10
2,69,10
3,80,10
4,63,10
5,87,10
6,112,10
7,88,10
8,59,10
9,91,10
0,51,16
1,122,16
2,58,16
3,63,16
4,69,16
5,188,16
6,46,16
7,80,16
8,39,16
9,80,16
0,67,4
1,92,4
2,72,4
3,112,4
4,79,4
5,52,4
6,64,4
7,72,4
8,72,4
9,116,4
0,37,6
1,30,6
2,48,6
3,61,6
4,125,6
5,68,6
6,96,6
7,120,6
8,95,6
9,116,6
0,46,8
1,61,8
2,125,8
3,86,8
4,86,8
5,99,8
6,92,8
7,77,8
8,79,8
9,44,8
0,92,12
1,93,12
2,78,12
3,108,12
4,68,12
5,53,12
6,73,12
7,83,12
8,65,12
9,82,12
0,82,9
1,96,9
2,65,9
3,58,9
4,77,9
5,89,9
6,96,9
7,76,9
8,80,9
9,76,9
0,32,19
1,82,19
2,83,19
3,53,19
4,130,19
5,61,19
6,71,19
7,98,19
8,60,19
9,125,19
0,68,15
1,72,15
2,108,15
3,68,15
4,92,15
5,62,15
6,93,15
7,84,15
8,66,15
9,84,15
0,72,5
1,102,5
2,98,5
3,103,5
4,77,5
5,50,5
6,92,5
7,36,5
8,103,5
9,64,5
0,72,2
1,66,2
2,56,2
3,96,2
4,49,2
5,75,2
6,42,2
7,56,2
8,167,2
9,116,2
0,61,4
1,97,4
2,65,4
3,54,4
4,109,4
5,93,4
6,97,4
7,94,4
8,59,4
9,66,4
0,65,11
1,80,11
2,120,11
3,73,11
4,55,11
5,128,11
6,45,11
7,122,11
8,43,11
9,64,11
0,103,12
1,78,12
2,73,12
3,64,12
4,148,12
5,71,12
6,43,12
7,76,12
8,84,12
9,57,12
0,28,16
1,75,16
2,62,16
3,77,16
4,90,16
5,120,16
6,62,16
7,95,16
8,124,16
9,63,16
0,109,9
1,57,9
2,58,9
3,86,9
4,120,9
5,67,9
6,69,9
7,113,9
8,49,9
9,67,9
0,26,15
1,97,15
2,105,15
3,120,15
4,71,15
5,80,15
6,85,15
7,56,15
8,80,15
9,76,15
0,66,8
1,78,8
2,115,8
3,50,8
4,61,8
5,64,8
6,115,8
7,81,8
8,116,8
9,51,8
0,60,6
1,81,6
2,77,6
3,62,6
4,104,6
5,88,6
6,88,6
7,66,6
8,49,6
9,121,6
0,88,0
1,72,0
2,51,0
3,76,0
4,99,0
5,71,0
6,112,0
7,100,0
8,44,0
9,84,0
0,79,3
1,60,3
2,83,3
3,70,3
4,72,3
5,97,3
6,72,3
7,95,3
8,115,3
9,54,3
0,88,17
1,165,17
2,67,17
3,63,17
4,64,17
5,60,17
6,142,17
7,44,17
8,44,17
9,60,17
0,119,2
1,62,2
2,80,2
3,60,2
4,99,2
5,72,2
6,74,2
7,63,2
8,97,2
9,69,2
0,88,7
1,72,7
2,87,7
3,84,7
4,74,7
5,92,7
6,32,7
7,87,7
8,108,7
9,71,7
0,72,1
1,20,1
2,85,1
3,75,1
4,84,1
5,81,1
6,98,1
7,116,1
8,116,1
9,49,1
0,114,10
1,85,10
2,64,10
3,49,10
4,93,10
5,46,10
6,123,10
7,78,10
8,52,10
9,92,10
0,48,14
1,80,14
2,81,14
3,72,14
4,85,14
5,63,14
6,84,14
7,88,14
8,69,14
9,125,14
0,84,19
1,100,19
2,57,19
3,63,19
4,84,19
5,119,19
6,53,19
7,92,19
8,64,19
9,79,19
0,86,13
1,73,13
2,76,13
3,112,13
4,28,13
5,114,13
6,53,13
7,94,13
8,97,13
9,63,13
0,53,5
1,91,5
2,64,5
3,73,5
4,91,5
5,84,5
6,78,5
7,125,5
8,58,5
9,80,5
0,110,18
1,51,18
2,78,18
3,52,18
4,79,18
5,82,18
6,56,18
7,132,18
8,104,18
9,53,18
0,76,14
1,92,14
2,101,14
3,88,14
4,92,14
5,56,14
6,77,14
7,118,14
8,41,14
9,54,14
0,81,1
1,115,1
2,72,1
3,50,1
4,90,1
5,79,1
6,117,1
7,69,1
8,48,1
9,75,1
0,96,13
1,50,13
2,101,13
3,60,13
4,83,13
5,91,13
6,60,13
7,78,13
8,112,13
9,64,13
0,72,9
1,104,9
2,79,9
3,66,9
4,49,9
5,63,9
6,102,9
7,93,9
8,89,9
9,79,9
0,103,17
1,104,17
2,58,17
3,53,17
4,100,17
5,81,17
6,63,17
7,78,17
8,67,17
9,89,17
0,85,19
1,124,19
2,80,19
3,64,19
4,88,19
5,42,19
6,108,19
7,29,19
8,112,19
9,62,19
0,79,4
1,94,4
2,170,4
3,48,4
4,55,4
5,38,4
6,100,4
7,47,4
8,98,4
9,67,4
0,80,7
1,77,7
2,146,7
3,41,7
4,66,7
5,84,7
6,68,7
7,92,7
8,48,7
9,94,7
0,74,6
1,63,6
2,70,6
3,99,6
4,56,6
5,110,6
6,62,6
7,102,6
8,86,6
9,74,6
0,82,3
1,47,3
2,64,3
3,96,3
4,67,3
5,45,3
6,88,3
7,84,3
8,96,3
9,128,3
0,56,15
1,102,15
2,31,15
3,99,15
4,67,15
5,88,15
6,92,15
7,120,15
8,34,15
9,108,15
0,63,5
1,95,5
2,64,5
3,152,5
4,59,5
5,77,5
6,72,5
7,57,5
8,62,5
9,95,5
0,51,18
1,76,18
2,113,18
3,78,18
4,64,18
5,70,18
6,78,18
7,83,18
8,91,18
9,92,18
0,59,16
1,50,16
2,54,16
3,83,16
4,79,16
5,165,16
6,79,16
7,46,16
8,89,16
9,92,16
0,88,2
1,96,2
2,64,2
3,59,2
4,63,2
5,143,2
6,52,2
7,108,2
8,75,2
9,48,2
0,66,11
1,48,11
2,77,11
3,99,11
4,126,11
5,75,11
6,60,11
7,124,11
8,54,11
9,68,11
0,32,10
1,81,10
2,160,10
3,125,10
4,84,10
5,49,10
6,81,10
7,72,10
8,64,10
9,49,10
0,63,8
1,62,8
2,90,8
3,93,8
4,78,8
5,121,8
6,112,8
7,50,8
8,75,8
9,52,8
0,114,12
1,93,12
2,36,12
3,85,12
4,41,12
5,124,12
6,76,12
7,69,12
8,52,12
9,104,12
0,38,0
1,86,0
2,132,0
3,70,0
4,72,0
5,80,0
6,74,0
7,44,0
8,136,0
9,64,0
0,64,19
1,66,19
2,66,19
3,69,19
4,133,19
5,88,19
6,51,19
7,72,19
8,95,19
9,92,19
0,92,2
1,50,2
2,104,2
3,113,2
4,32,2
5,88,2
6,86,2
7,78,2
8,64,2
9,89,2
0,73,16
1,112,16
2,68,16
3,43,16
4,76,16
5,56,16
6,60,16
7,66,16
8,80,16
9,161,16
0,143,5
1,36,5
2,45,5
3,75,5
4,90,5
5,63,5
6,132,5
7,75,5
8,69,5
9,68,5
0,76,4
1,56,4
2,63,4
3,84,4
4,99,4
5,80,4
6,124,4
7,64,4
8,68,4
9,83,4
0,75,1
1,87,1
2,131,1
3,65,1
4,59,1
5,95,1
6,71,1
7,65,1
8,45,1
9,104,1
0,103,14
1,43,14
2,94,14
3,60,14
4,62,14
5,103,14
6,131,14
7,71,14
8,48,14
9,83,14
0,70,9
1,60,9
2,53,9
3,99,9
4,64,9
5,67,9
6,60,9
7,100,9
8,77,9
9,147,9
0,58,12
1,68,12
2,79,12
3,56,12
4,64,12
5,105,12
6,90,12
7,93,12
8,116,12
9,67,12
0,96,3
1,100,3
2,48,3
3,62,3
4,57,3
5,131,3
6,76,3
7,72,3
8,88,3
9,65,3
0,97,18
1,112,18
2,114,18
3,90,18
4,131,18
5,33,18
6,53,18
7,63,18
8,52,18
9,50,18
0,85,10
1,88,10
2,72,10
3,56,10
4,91,10
5,100,10
6,93,10
7,75,10
8,52,10
9,83,10
0,44,11
1,63,11
2,79,11
3,75,11
4,60,11
5,88,11
6,126,11
7,115,11
8,100,11
9,48,11
0,48,8
1,67,8
2,62,8
3,112,8
4,106,8
5,31,8
6,78,8
7,64,8
8,120,8
9,109,8
0,96,7
1,32,7
2,76,7
3,92,7
4,77,7
5,129,7
6,68,7
7,79,7
8,81,7
9,64,7
0,88,17
1,55,17
2,108,17
3,39,17
4,34,17
5,65,17
6,85,17
7,102,17
8,121,17
9,100,17
0,80,13
1,79,13
2,71,13
3,72,13
4,68,13
5,73,13
6,72,13
7,69,13
8,111,13
9,100,13
0,54,6
1,108,6
2,82,6
3,87,6
4,97,6
5,76,6
6,49,6
7,52,6
8,111,6
9,80,6
0,62,0
1,67,0
2,64,0
3,88,0
4,81,0
5,60,0
6,132,0
7,99,0
8,76,0
9,67,0
0,73,15
1,132,15
2,69,15
3,92,15
4,34,15
5,53,15
6,107,15
7,58,15
8,92,15
9,85,15
0,76,17
1,140,17
2,139,17
3,56,17
4,43,17
5,145,17
6,36,17
7,66,17
8,46,17
9,49,17
0,75,0
1,57,0
2,87,0
3,54,0
4,58,0
5,92,0
6,83,0
7,132,0
8,108,0
9,51,0
0,58,19
1,77,19
2,123,19
3,75,19
4,50,19
5,79,19
6,60,19
7,106,19
8,100,19
9,68,19
0,100,4
1,72,4
2,87,4
3,97,4
4,140,4
5,39,4
6,71,4
7,94,4
8,37,4
9,60,4
0,62,16
1,42,16
2,126,16
3,85,16
4,80,16
5,104,16
6,99,16
7,59,16
8,84,16
9,55,16
0,144,2
1,134,2
2,52,2
3,57,2
4,66,2
5,57,2
6,83,2
7,28,2
8,96,2
9,77,2
0,72,18
1,82,18
2,76,18
3,80,18
4,79,18
5,52,18
6,129,18
7,86,18
8,79,18
9,62,18
0,51,11
1,154,11
2,79,11
3,78,11
4,64,11
5,120,11
6,72,11
7,64,11
8,44,11
9,72,11
0,49,8
1,66,8
2,56,8
3,100,8
4,84,8
5,126,8
6,81,8
7,88,8
8,72,8
9,73,8
0,84,3
1,88,3
2,99,3
3,67,3
4,42,3
5,95,3
6,77,3
7,44,3
8,102,3
9,100,3
0,44,12
1,101,12
2,52,12
3,68,12
4,128,12
5,104,12
6,48,12
7,120,12
8,74,12
9,58,12
0,136,5
1,36,5
2,52,5
3,100,5
4,55,5
5,80,5
6,61,5
7,128,5
8,64,5
9,84,5
0,76,14
1,104,14
2,60,14
3,92,14
4,65,14
5,62,14
6,68,14
7,99,14
8,49,14
9,121,14
0,104,9
1,54,9
2,96,9
3,80,9
4,118,9
5,50,9
6,106,9
7,56,9
8,54,9
9,78,9
0,103,6
1,35,6
2,76,6
3,99,6
4,96,6
5,94,6
6,97,6
7,26,6
8,99,6
9,72,6
0,125,15
1,104,15
2,79,15
3,72,15
4,81,15
5,71,15
6,123,15
7,47,15
8,32,15
9,61,15
0,67,13
1,42,13
2,56,13
3,96,13
4,108,13
5,80,13
6,101,13
7,52,13
8,81,13
9,112,13
0,102,7
1,20,7
2,68,7
3,42,7
4,96,7
5,111,7
6,73,7
7,128,7
8,87,7
9,68,7
0,116,1
1,104,1
2,60,1
3,108,1
4,97,1
5,53,1
6,88,1
7,33,1
8,72,1
9,64,1
0,61,10
1,88,10
2,66,10
3,75,10
4,120,10
5,80,10
6,47,10
7,90,10
8,89,10
9,80,10
0,116,16
1,73,16
2,103,16
3,70,16
4,43,16
5,144,16
6,69,16
7,53,16
8,56,16
9,70,16
0,59,2
1,71,2
2,94,2
3,74,2
4,99,2
5,101,2
6,75,2
7,79,2
8,80,2
9,65,2
0,84,17
1,34,17
2,85,17
3,33,17
4,117,17
5,97,17
6,50,17
7,136,17
8,51,17
9,108,17
0,36,9
1,63,9
2,44,9
3,100,9
4,124,9
5,68,9
6,124,9
7,61,9
8,80,9
9,97,9
0,66,13
1,103,13
2,74,13
3,80,13
4,74,13
5,80,13
6,116,13
7,62,13
8,48,13
9,92,13
0,86,19
1,109,19
2,44,19
3,59,19
4,68,19
5,145,19
6,78,19
7,61,19
8,56,19
9,88,19
0,68,6
1,116,6
2,112,6
3,49,6
4,69,6
5,44,6
6,79,6
7,107,6
8,50,6
9,103,6
0,36,12
1,92,12
2,50,12
3,81,12
4,100,12
5,110,12
6,62,12
7,113,12
8,85,12
9,66,12
0,117,8
1,68,8
2,97,8
3,53,8
4,75,8
5,108,8
6,86,8
7,79,8
8,63,8
9,49,8
0,93,10
1,68,10
2,57,10
3,92,10
4,85,10
5,85,10
6,49,10
7,124,10
8,36,10
9,105,10
0,84,4
1,78,4
2,64,4
3,86,4
4,144,4
5,65,4
6,56,4
7,75,4
8,68,4
9,75,4
0,85,5
1,61,5
2,73,5
3,67,5
4,72,5
5,47,5
6,108,5
7,64,5
8,136,5
9,83,5
0,56,15
1,99,15
2,66,15
3,66,15
4,98,15
5,67,15
6,110,15
7,68,15
8,89,15
9,77,15
0,98,14
1,79,14
2,93,14
3,91,14
4,76,14
5,68,14
6,66,14
7,66,14
8,100,14
9,59,14
0,92,18
1,82,18
2,100,18
3,80,18
4,95,18
5,82,18
6,46,18
7,58,18
8,60,18
9,101,18
0,49,7
1,106,7
2,93,7
3,72,7
4,85,7
5,99,7
6,90,7
7,28,7
8,92,7
9,81,7
0,77,11
1,131,11
2,68,11
3,86,11
4,67,11
5,113,11
6,52,11
7,81,11
8,56,11
9,66,11
0,48,1
1,93,1
2,99,1
3,81,1
4,56,1
5,75,1
6,101,1
7,130,1
8,66,1
9,48,1
0,92,3
1,116,3
2,89,3
3,78,3
4,35,3
5,129,3
6,50,3
7,55,3
8,58,3
9,95,3
0,86,0
1,48,0
2,144,0
3,87,0
4,96,0
5,88,0
6,51,0
7,83,0
8,74,0
9,40,0
0,84,12
1,72,12
2,60,12
3,140,12
4,85,12
5,75,12
6,64,12
7,56,12
8,75,12
9,85,12
0,92,14
1,80,14
2,108,14
3,68,14
4,68,14
5,53,14
6,68,14
7,100,14
8,82,14
9,77,14
0,67,5
1,76,5
2,111,5
3,84,5
4,64,5
5,67,5
6,86,5
7,100,5
8,108,5
9,35,5
0,92,18
1,84,18
2,73,18
3,94,18
4,92,18
5,68,18
6,71,18
7,73,18
8,62,18
9,86,18
0,90,10
1,68,10
2,55,10
3,108,10
4,147,10
5,80,10
6,48,10
7,64,10
8,80,10
9,56,10
0,90,1
1,127,1
2,57,1
3,89,1
4,93,1
5,65,1
6,92,1
7,56,1
8,82,1
9,45,1
0,57,8
1,85,8
2,107,8
3,98,8
4,105,8
5,55,8
6,49,8
7,128,8
8,46,8
9,66,8
0,87,2
1,79,2
2,75,2
3,106,2
4,74,2
5,52,2
6,79,2
7,104,2
8,41,2
9,100,2
0,24,6
1,68,6
2,80,6
3,52,6
4,112,6
5,39,6
6,128,6
7,140,6
8,98,6
9,56,6
0,78,17
1,141,17
2,62,17
3,81,17
4,34,17
5,85,17
6,92,17
7,77,17
8,105,17
9,40,17
0,96,7
1,92,7
2,56,7
3,88,7
4,76,7
5,45,7
6,102,7
7,81,7
8,77,7
9,82,7
0,67,11
1,52,11
2,75,11
3,76,11
4,83,11
5,84,11
6,144,11
7,44,11
8,100,11
9,73,11
0,98,0
1,86,0
2,85,0
3,68,0
4,81,0
5,89,0
6,80,0
7,82,0
8,82,0
9,44,0
0,76,3
1,66,3
2,60,3
3,67,3
4,101,3
5,66,3
6,76,3
7,69,3
8,156,3
9,59,3
0,71,13
1,68,13
2,76,13
3,62,13
4,108,13
5,114,13
6,71,13
7,100,13
8,54,13
9,73,13
0,70,4
1,104,4
2,41,4
3,94,4
4,79,4
5,94,4
6,87,4
7,50,4
8,88,4
9,89,4
0,74,9
1,113,9
2,70,9
3,75,9
4,87,9
5,52,9
6,114,9
7,78,9
8,48,9
9,85,9
0,95,16
1,88,16
2,80,16
3,95,16
4,96,16
5,45,16
6,103,16
7,92,16
8,72,16
9,30,16
0,58,19
1,79,19
2,87,19
3,47,19
4,73,19
5,104,19
6,60,19
7,111,19
8,72,19
9,106,19
0,112,15
1,65,15
2,52,15
3,68,15
4,72,15
5,85,15
6,83,15
7,73,15
8,64,15
9,123,15
0,123,13
1,81,13
2,64,13
3,105,13
4,64,13
5,65,13
6,100,13
7,69,13
8,56,13
9,68,13
0,84,5
1,88,5
2,46,5
3,92,5
4,97,5
5,88,5
6,69,5
7,101,5
8,68,5
9,64,5
0,76,3
1,68,3
2,92,3
3,110,3
4,58,3
5,85,3
6,44,3
7,92,3
8,98,3
9,73,3
0,107,9
1,76,9
2,65,9
3,76,9
4,82,9
5,72,9
6,50,9
7,82,9
8,98,9
9,89,9
0,51,4
1,120,4
2,84,4
3,69,4
4,72,4
5,64,4
6,96,4
7,130,4
8,58,4
9,52,4
0,114,19
1,80,19
2,65,19
3,59,19
4,62,19
5,96,19
6,52,19
7,93,19
8,91,19
9,84,19
0,65,0
1,68,0
2,104,0
3,64,0
4,96,0
5,56,0
6,74,0
7,120,0
8,63,0
9,87,0
0,80,14
1,97,14
2,180,14
3,30,14
4,59,14
5,48,14
6,90,14
7,52,14
8,90,14
9,70,14
0,75,10
1,74,10
2,68,10
3,77,10
4,69,10
5,85,10
6,45,10
7,127,10
8,92,10
9,84,10
0,87,7
1,47,7
2,44,7
3,122,7
4,127,7
5,79,7
6,95,7
7,71,7
8,80,7
9,45,7
0,108,2
1,109,2
2,80,2
3,76,2
4,76,2
5,62,2
6,29,2
7,100,2
8,88,2
9,68,2
0,60,1
1,68,1
2,136,1
3,78,1
4,78,1
5,86,1
6,70,1
7,66,1
8,69,1
9,84,1
0,122,15
1,101,15
2,62,15
3,103,15
4,88,15
5,46,15
6,54,15
7,69,15
8,37,15
9,113,15
0,57,18
1,69,18
2,122,18
3,62,18
4,97,18
5,95,18
6,93,18
7,69,18
8,28,18
9,103,18
0,91,8
1,82,8
2,87,8
3,59,8
4,76,8
5,99,8
6,94,8
7,45,8
8,56,8
9,108,8
0,55,6
1,69,6
2,104,6
3,63,6
4,66,6
5,50,6
6,60,6
7,72,6
8,109,6
9,148,6
0,56,16
1,112,16
2,38,16
3,104,16
4,72,16
5,125,16
6,60,16
7,98,16
8,64,16
9,68,16
0,56,11
1,119,11
2,99,11
3,96,11
4,64,11
5,92,11
6,68,11
7,40,11
8,90,11
9,73,11
0,58,12
1,119,12
2,152,12
3,45,12
4,53,12
5,89,12
6,101,12
7,38,12
8,48,12
9,92,12
0,75,17
1,90,17
2,71,17
3,80,17
4,92,17
5,60,17
6,107,17
7,87,17
8,68,17
9,68,17
0,65,8
1,83,8
2,64,8
3,93,8
4,88,8
5,78,8
6,84,8
7,106,8
8,56,8
9,80,8
0,102,5
1,76,5
2,63,5
3,104,5
4,80,5
5,100,5
6,72,5
7,57,5
8,62,5
9,80,5
0,76,1
1,76,1
2,99,1
3,108,1
4,84,1
5,72,1
6,88,1
7,76,1
8,65,1
9,51,1
0,64,10
1,69,10
2,148,10
3,95,10
4,116,10
5,73,10
6,57,10
7,80,10
8,36,10
9,56,10
0,61,3
1,71,3
2,74,3
3,76,3
4,71,3
5,34,3
6,72,3
7,116,3
8,106,3
9,116,3
0,110,15
1,119,15
2,74,15
3,54,15
4,54,15
5,44,15
6,86,15
7,87,15
8,79,15
9,89,15
0,72,18
1,76,18
2,76,18
3,56,18
4,120,18
5,65,18
6,64,18
7,108,18
8,81,18
9,76,18
0,109,6
1,92,6
2,47,6
3,96,6
4,57,6
5,44,6
6,121,6
7,62,6
8,81,6
9,86,6
0,52,9
1,104,9
2,52,9
3,112,9
4,69,9
5,54,9
6,84,9
7,141,9
8,51,9
9,78,9
0,64,2
1,54,2
2,116,2
3,110,2
4,68,2
5,82,2
6,87,2
7,91,2
8,39,2
9,86,2
0,69,12
1,67,12
2,82,12
3,35,12
4,94,12
5,124,12
6,60,12
7,118,12
8,58,12
9,89,12
0,43,16
1,106,16
2,66,16
3,52,16
4,58,16
5,106,16
6,99,16
7,108,16
8,59,16
9,100,16
0,74,4
1,55,4
2,69,4
3,93,4
4,67,4
5,94,4
6,76,4
7,78,4
8,60,4
9,130,4
0,64,7
1,104,7
2,58,7
3,88,7
4,91,7
5,102,7
6,73,7
7,47,7
8,89,7
9,80,7
0,70,17
1,87,17
2,63,17
3,80,17
4,149,17
5,52,17
6,52,17
7,83,17
8,66,17
9,93,17
0,87,0
1,68,0
2,52,0
3,47,0
4,54,0
5,87,0
6,163,0
7,87,0
8,90,0
9,62,0
0,68,19
1,64,19
2,61,19
3,82,19
4,130,19
5,126,19
6,36,19
7,72,19
8,82,19
9,74,19
0,92,11
1,84,11
2,58,11
3,73,11
4,127,11
5,57,11
6,88,11
7,102,11
8,68,11
9,48,11
0,73,14
1,91,14
2,67,14
3,104,14
4,81,14
5,68,14
6,73,14
7,105,14
8,36,14
9,97,14
0,89,13
1,81,13
2,107,13
3,96,13
4,99,13
5,82,13
6,100,13
7,60,13
8,36,13
9,45,13
0,80,16
1,131,16
2,58,16
3,81,16
4,40,16
5,87,16
6,37,16
7,68,16
8,149,16
9,66,16
0,44,9
1,99,9
2,109,9
3,58,9
4,68,9
5,46,9
6,82,9
7,98,9
8,111,9
9,82,9
0,94,8
1,64,8
2,98,8
3,92,8
4,77,8
5,64,8
6,64,8
7,40,8
8,115,8
9,87,8
0,76,13
1,117,13
2,56,13
3,86,13
4,68,13
5,108,13
6,67,13
7,72,13
8,68,13
9,78,13
0,64,6
1,78,6
2,132,6
3,66,6
4,80,6
5,36,6
6,56,6
7,126,6
8,102,6
9,56,6
0,154,10
1,85,10
2,98,10
3,63,10
4,40,10
5,84,10
6,95,10
7,41,10
8,72,10
9,64,10
0,72,14
1,48,14
2,85,14
3,64,14
4,69,14
5,71,14
6,57,14
7,79,14
8,119,14
9,132,14
0,68,3
1,93,3
2,89,3
3,99,3
4,80,3
5,78,3
6,67,3
7,93,3
8,71,3
9,58,3
0,100,15
1,72,15
2,76,15
3,88,15
4,76,15
5,88,15
6,88,15
7,72,15
8,68,15
9,68,15
0,76,11
1,95,11
2,117,11
3,108,11
4,135,11
5,60,11
6,55,11
7,24,11
8,62,11
9,64,11
0,52,0
1,112,0
2,102,0
3,90,0
4,68,0
5,77,0
6,47,0
7,92,0
8,68,0
9,88,0
0,114,19
1,49,19
2,106,19
3,104,19
4,98,19
5,58,19
6,77,19
7,52,19
8,52,19
9,84,19
0,143,4
1,83,4
2,80,4
3,69,4
4,22,4
5,87,4
6,43,4
7,79,4
8,134,4
9,57,4
0,60,17
1,84,17
2,134,17
3,100,17
4,49,17
5,121,17
6,78,17
7,65,17
8,68,17
9,36,17
0,56,12
1,79,12
2,52,12
3,84,12
4,108,12
5,41,12
6,116,12
7,90,12
8,99,12
9,72,12
0,62,1
1,52,1
2,48,1
3,96,1
4,52,1
5,72,1
6,62,1
7,162,1
8,126,1
9,63,1
0,61,2
1,30,2
2,106,2
3,61,2
4,63,2
5,100,2
6,88,2
7,120,2
8,120,2
9,46,2
0,45,7
1,87,7
2,70,7
3,89,7
4,67,7
5,54,7
6,97,7
7,92,7
8,78,7
9,116,7
0,41,18
1,78,18
2,68,18
3,104,18
4,96,18
5,76,18
6,81,18
7,67,18
8,84,18
9,101,18
0,88,5
1,112,5
2,31,5
3,76,5
4,144,5
5,66,5
6,90,5
7,69,5
8,76,5
9,44,5
0,44,6
1,74,6
2,78,6
3,46,6
4,56,6
5,60,6
6,85,6
7,80,6
8,174,6
9,98,6
0,88,8
1,68,8
2,64,8
3,77,8
4,72,8
5,77,8
6,104,8
7,100,8
8,87,8
9,58,8
0,64,2
1,51,2
2,63,2
3,48,2
4,42,2
5,59,2
6,137,2
7,139,2
8,109,2
9,84,2
0,88,18
1,97,18
2,76,18
3,66,18
4,84,18
5,54,18
6,96,18
7,72,18
8,84,18
9,78,18
0,85,3
1,78,3
2,81,3
3,65,3
4,104,3
5,79,3
6,116,3
7,85,3
8,48,3
9,55,3
0,150,12
1,100,12
2,32,12
3,64,12
4,72,12
5,11,12
6,79,12
7,119,12
8,60,12
9,110,12
0,62,14
1,95,14
2,62,14
3,95,14
4,136,14
5,59,14
6,49,14
7,68,14
8,72,14
9,98,14
0,123,7
1,97,7
2,44,7
3,146,7
4,47,7
5,77,7
6,101,7
7,51,7
8,72,7
9,38,7
0,68,11
1,42,11
2,121,11
3,73,11
4,82,11
5,59,11
6,62,11
7,96,11
8,130,11
9,63,11
0,31,15
1,53,15
2,74,15
3,97,15
4,128,15
5,116,15
6,60,15
7,80,15
8,64,15
9,92,15
0,68,5
1,84,5
2,92,5
3,72,5
4,103,5
5,65,5
6,79,5
7,73,5
8,80,5
9,79,5
0,83,19
1,16,19
2,83,19
3,87,19
4,76,19
5,104,19
6,59,19
7,73,19
8,101,19
9,115,19
0,49,9
1,114,9
2,60,9
3,119,9
4,84,9
5,43,9
6,100,9
7,76,9
8,96,9
9,56,9
0,103,1
1,89,1
2,82,1
3,81,1
4,155,1
5,44,1
6,86,1
7,46,1
8,81,1
9,29,1
0,71,4
1,68,4
2,61,4
3,110,4
4,73,4
5,108,4
6,80,4
7,65,4
8,59,4
9,101,4
0,76,13
1,103,13
2,80,13
3,112,13
4,89,13
5,36,13
6,53,13
7,70,13
8,62,13
9,116,13
0,66,10
1,60,10
2,140,10
3,41,10
4,84,10
5,67,10
6,134,10
7,44,10
8,65,10
9,94,10
0,145,0
1,108,0
2,59,0
3,53,0
4,76,0
5,57,0
6,64,0
7,90,0
8,60,0
9,83,0
0,88,16
1,53,16
2,94,16
3,92,16
4,102,16
5,54,16
6,59,16
7,68,16
8,78,16
9,107,16
0,138,17
1,70,17
2,88,17
3,81,17
4,76,17
5,46,17
6,76,17
7,100,17
8,68,17
9,52,17
0,72,19
1,107,19
2,54,19
3,99,19
4,100,19
5,63,19
6,65,19
7,88,19
8,101,19
9,48,19
0,96,8
1,30,8
2,64,8
3,79,8
4,56,8
5,77,8
6,119,8
7,48,8
8,124,8
9,103,8
0,76,4
1,114,4
2,81,4
3,66,4
4,70,4
5,65,4
6,57,4
7,56,4
8,77,4
9,133,4
0,68,14
1,118,14
2,72,14
3,84,14
4,80,14
5,68,14
6,112,14
7,72,14
8,58,14
9,64,14
0,113,2
1,45,2
2,124,2
3,99,2
4,73,2
5,41,2
6,56,2
7,40,2
8,153,2
9,52,2
0,103,18
1,66,18
2,81,18
3,112,18
4,144,18
5,36,18
6,47,18
7,72,18
8,47,18
9,89,18
0,60,17
1,83,17
2,47,17
3,82,17
4,108,17
5,88,17
6,48,17
7,83,17
8,97,17
9,101,17
0,104,9
1,84,9
2,97,9
3,38,9
4,60,9
5,73,9
6,72,9
7,63,9
8,68,9
9,136,9
0,62,12
1,60,12
2,75,12
3,103,12
4,48,12
5,82,12
6,76,12
7,69,12
8,137,12
9,83,12
0,50,1
1,44,1
2,123,1
3,92,1
4,59,1
5,98,1
6,85,1
7,84,1
8,53,1
9,109,1
0,67,6
1,80,6
2,78,6
3,112,6
4,43,6
5,66,6
6,56,6
7,115,6
8,108,6
9,71,6
0,39,0
1,72,0
2,84,0
3,74,0
4,71,0
5,96,0
6,36,0
7,139,0
8,99,0
9,86,0
0,135,11
1,44,11
2,75,11
3,90,11
4,107,11
5,39,11
6,91,11
7,67,11
8,81,11
9,68,11
0,93,7
1,76,7
2,52,7
3,108,7
4,81,7
5,72,7
6,60,7
7,112,7
8,94,7
9,49,7
0,102,10
1,74,10
2,36,10
3,92,10
4,126,10
5,56,10
6,98,10
7,62,10
8,75,10
9,75,10
0,79,3
1,111,3
2,88,3
3,60,3
4,87,3
5,92,3
6,68,3
7,74,3
8,72,3
9,65,3
0,132,15
1,47,15
2,96,15
3,111,15
4,93,15
5,62,15
6,52,15
7,81,15
8,51,15
9,70,15
0,48,13
1,78,13
2,103,13
3,85,13
4,67,13
5,44,13
6,96,13
7,80,13
8,128,13
9,69,13
0,48,5
1,62,5
2,81,5
3,108,5
4,101,5
5,62,5
6,113,5
7,89,5
8,76,5
9,56,5
0,56,16
1,66,16
2,80,16
3,85,16
4,64,16
5,108,16
6,96,16
7,88,16
8,78,16
9,76,16
0,85,0
1,52,0
2,72,0
3,96,0
4,35,0
5,99,0
6,53,0
7,57,0
8,145,0
9,101,0
0,80,17
1,94,17
2,106,17
3,66,17
4,78,17
5,61,17
6,80,17
7,64,17
8,92,17
9,75,17
0,82,7
1,64,7
2,42,7
3,98,7
4,44,7
5,66,7
6,100,7
7,93,7
8,72,7
9,135,7
0,65,18
1,67,18
2,84,18
3,79,18
4,108,18
5,80,18
6,67,18
7,121,18
8,95,18
9,31,18
0,56,2
1,78,2
2,63,2
3,64,2
4,60,2
5,73,2
6,66,2
7,108,2
8,81,2
9,146,2
0,62,1
1,37,1
2,66,1
3,96,1
4,112,1
5,76,1
6,119,1
7,90,1
8,48,1
9,91,1
0,68,4
1,79,4
2,112,4
3,78,4
4,83,4
5,71,4
6,44,4
7,60,4
8,73,4
9,128,4
0,88,11
1,77,11
2,95,11
3,77,11
4,64,11
5,72,11
6,86,11
7,88,11
8,66,11
9,83,11
0,104,16
1,76,16
2,101,16
3,62,16
4,72,16
5,72,16
6,82,16
7,48,16
8,62,16
9,116,16
0,84,3
1,69,3
2,56,3
3,108,3
4,96,3
5,73,3
6,71,3
7,84,3
8,101,3
9,52,3
0,74,6
1,120,6
2,105,6
3,104,6
4,75,6
5,71,6
6,56,6
7,46,6
8,77,6
9,68,6
0,45,8
1,96,8
2,100,8
3,75,8
4,87,8
5,77,8
6,59,8
7,96,8
8,81,8
9,80,8
0,88,13
1,108,13
2,84,13
3,96,13
4,40,13
5,66,13
6,85,13
7,105,13
8,86,13
9,38,13
0,100,14
1,56,14
2,115,14
3,132,14
4,97,14
5,41,14
6,46,14
7,79,14
8,67,14
9,62,14
0,50,10
1,94,10
2,62,10
3,86,10
4,72,10
5,57,10
6,80,10
7,111,10
8,113,10
9,71,10
0,77,12
1,75,12
2,80,12
3,100,12
4,58,12
5,76,12
6,94,12
7,80,12
8,82,12
9,74,12
0,43,5
1,70,5
2,98,5
3,80,5
4,62,5
5,84,5
6,87,5
7,114,5
8,87,5
9,72,5
0,106,15
1,80,15
2,72,15
3,120,15
4,51,15
5,120,15
6,72,15
7,45,15
8,60,15
9,69,15
0,85,9
1,68,9
2,176,9
3,65,9
4,101,9
5,73,9
6,64,9
7,32,9
8,47,9
9,85,9
0,56,19
1,58,19
2,54,19
3,45,19
4,87,19
5,140,19
6,92,19
7,107,19
8,64,19
9,92,19
0,74,7
1,69,7
2,56,7
3,89,7
4,58,7
5,61,7
6,77,7
7,103,7
8,124,7
9,85,7
0,83,9
1,56,9
2,99,9
3,31,9
4,58,9
5,80,9
6,110,9
7,86,9
8,104,9
9,91,9
0,103,11
1,102,11
2,74,11
3,70,11
4,37,11
5,85,11
6,77,11
7,110,11
8,64,11
9,74,11
0,76,14
1,88,14
2,69,14
3,46,14
4,96,14
5,80,14
6,95,14
7,88,14
8,40,14
9,116,14
0,66,6
1,139,6
2,64,6
3,104,6
4,49,6
5,72,6
6,72,6
7,70,6
8,48,6
9,111,6
0,121,19
1,85,19
2,62,19
3,62,19
4,43,19
5,51,19
6,127,19
7,77,19
8,60,19
9,108,19
0,81,1
1,48,1
2,100,1
3,92,1
4,55,1
5,118,1
6,73,1
7,87,1
8,96,1
9,45,1
0,91,2
1,84,2
2,81,2
3,73,2
4,93,2
5,90,2
6,100,2
7,74,2
8,65,2
9,44,2
0,43,8
1,80,8
2,38,8
3,58,8
4,169,8
5,79,8
6,64,8
7,82,8
8,88,8
9,96,8
0,99,17
1,80,17
2,48,17
3,71,17
4,68,17
5,106,17
6,80,17
7,120,17
8,86,17
9,37,17
0,57,5
1,100,5
2,88,5
3,84,5
4,66,5
5,59,5
6,101,5
7,85,5
8,79,5
9,76,5
0,97,4
1,71,4
2,103,4
3,59,4
4,72,4
5,31,4
6,77,4
7,88,4
8,128,4
9,71,4
0,83,18
1,98,18
2,116,18
3,73,18
4,54,18
5,114,18
6,102,18
7,56,18
8,48,18
9,52,18
0,93,13
1,70,13
2,72,13
3,124,13
4,41,13
5,67,13
6,89,13
7,95,13
8,54,13
9,92,13
0,58,12
1,114,12
2,71,12
3,80,12
4,86,12
5,81,12
6,41,12
7,104,12
8,134,12
9,26,12
0,101,15
1,116,15
2,85,15
3,72,15
4,46,15
5,111,15
6,64,15
7,69,15
8,45,15
9,88,15
0,39,16
1,62,16
2,68,16
3,104,16
4,40,16
5,86,16
6,136,16
7,116,16
8,57,16
9,87,16
0,104,3
1,47,3
2,114,3
3,63,3
4,110,3
5,60,3
6,59,3
7,94,3
8,64,3
9,82,3
0,167,0
1,35,0
2,59,0
3,75,0
4,91,0
5,81,0
6,60,0
7,64,0
8,77,0
9,88,0
0,79,10
1,105,10
2,76,10
3,119,10
4,60,10
5,60,10
6,100,10
7,81,10
8,64,10
9,52,10
0,80,5
1,72,5
2,116,5
3,88,5
4,108,5
5,47,5
6,85,5
7,64,5
8,36,5
9,100,5
0,56,9
1,85,9
2,56,9
3,61,9
4,76,9
5,149,9
6,70,9
7,57,9
8,90,9
9,94,9
0,81,13
1,42,13
2,145,13
3,92,13
4,94,13
5,61,13
6,90,13
7,92,13
8,32,13
9,66,13
0,76,4
1,104,4
2,84,4
3,81,4
4,79,4
5,78,4
6,80,4
7,58,4
8,76,4
9,80,4
0,105,17
1,49,17
2,102,17
3,69,17
4,79,17
5,73,17
6,40,17
7,160,17
8,76,17
9,43,17
0,30,15
1,97,15
2,96,15
3,78,15
4,75,15
5,92,15
6,109,15
7,57,15
8,76,15
9,84,15
0,70,6
1,83,6
2,112,6
3,106,6
4,108,6
5,88,6
6,39,6
7,64,6
8,75,6
9,52,6
0,96,0
1,55,0
2,77,0
3,115,0
4,49,0
5,48,0
6,149,0
7,105,0
8,44,0
9,56,0
0,54,1
1,80,1
2,79,1
3,83,1
4,58,1
5,79,1
6,100,1
7,99,1
8,91,1
9,74,1
0,53,14
1,76,14
2,59,14
3,91,14
4,105,14
5,76,14
6,55,14
7,90,14
8,114,14
9,77,14
0,68,12
1,119,12
2,58,12
3,78,12
4,55,12
5,58,12
6,108,12
7,84,12
8,83,12
9,84,12
0,83,16
1,156,16
2,85,16
3,67,16
4,91,16
5,48,16
6,90,16
7,75,16
8,60,16
9,41,16
0,74,11
1,55,11
2,104,11
3,97,11
4,68,11
5,66,11
6,66,11
7,97,11
8,60,11
9,109,11
0,70,2
1,66,2
2,99,2
3,56,2
4,73,2
5,84,2
6,73,2
7,102,2
8,92,2
9,80,2
0,91,18
1,120,18
2,64,18
3,84,18
4,66,18
5,101,18
6,113,18
7,57,18
8,55,18
9,44,18
0,97,7
1,95,7
2,67,7
3,67,7
4,72,7
5,36,7
6,93,7
7,138,7
8,53,7
9,77,7
0,88,19
1,111,19
2,96,19
3,60,19
4,64,19
5,85,19
6,65,19
7,76,19
8,75,19
9,76,19
0,54,8
1,88,8
2,68,8
3,90,8
4,87,8
5,88,8
6,55,8
7,76,8
8,68,8
9,123,8
0,48,10
1,63,10
2,100,10
3,60,10
4,59,10
5,111,10
6,92,10
7,60,10
8,80,10
9,123,10
0,104,3
1,80,3
2,46,3
3,87,3
4,66,3
5,96,3
6,76,3
7,39,3
8,104,3
9,100,3
0,84,13
1,138,13
2,108,13
3,87,13
4,50,13
5,102,13
6,47,13
7,72,13
8,60,13
9,50,13
0,73,4
1,103,4
2,124,4
3,49,4
4,40,4
5,109,4
6,109,4
7,42,4
8,63,4
9,84,4
0,102,19
1,77,19
2,94,19
3,62,19
4,89,19
5,77,19
6,44,19
7,42,19
8,99,19
9,109,19
0,56,9
1,148,9
2,91,9
3,79,9
4,56,9
5,116,9
6,42,9
7,67,9
8,74,9
9,67,9
0,87,7
1,71,7
2,58,7
3,91,7
4,132,7
5,100,7
6,54,7
7,50,7
8,85,7
9,68,7
0,78,10
1,69,10
2,92,10
3,54,10
4,60,10
5,94,10
6,74,10
7,112,10
8,99,10
9,64,10
0,97,16
1,81,16
2,66,16
3,125,16
4,90,16
5,40,16
6,55,16
7,131,16
8,62,16
9,49,16
0,100,2
1,72,2
2,48,2
3,100,2
4,92,2
5,59,2
6,74,2
7,68,2
8,66,2
9,117,2
0,127,3
1,58,3
2,92,3
3,85,3
4,62,3
5,58,3
6,92,3
7,73,3
8,49,3
9,99,3
0,54,6
1,65,6
2,193,6
3,76,6
4,76,6
5,56,6
6,76,6
7,81,6
8,36,6
9,83,6
0,53,15
1,81,15
2,60,15
3,112,15
4,54,15
5,128,15
6,101,15
7,41,15
8,101,15
9,64,15
0,164,18
1,78,18
2,69,18
3,38,18
4,98,18
5,67,18
6,57,18
7,105,18
8,58,18
9,62,18
0,49,11
1,84,11
2,77,11
3,104,11
4,36,11
5,76,11
6,73,11
7,114,11
8,92,11
9,89,11
0,84,1
1,60,1
2,72,1
3,49,1
4,65,1
5,107,1
6,77,1
7,124,1
8,76,1
9,80,1
0,64,14
1,90,14
2,119,14
3,132,14
4,58,14
5,97,14
6,37,14
7,83,14
8,39,14
9,76,14
0,152,0
1,51,0
2,38,0
3,64,0
4,59,0
5,68,0
6,99,0
7,96,0
8,100,0
9,69,0
0,43,17
1,31,17
2,46,17
3,68,17
4,179,17
5,120,17
6,48,17
7,86,17
8,118,17
9,57,17
0,71,12
1,116,12
2,56,12
3,76,12
4,77,12
5,79,12
6,124,12
7,72,12
8,78,12
9,47,12
0,65,8
1,97,8
2,51,8
3,76,8
4,80,8
5,74,8
6,93,8
7,120,8
8,82,8
9,58,8
0,78,5
1,41,5
2,63,5
3,64,5
4,115,5
5,81,5
6,54,5
7,146,5
8,81,5
9,73,5
